type,mount,stop,state,u_rel,u_wall,ok,reason,d_mm,tilt_deg,az_deg,roll_deg,margin_px,slack_mm,clear_mm,approach,n_ik,n_checked,n_free,n_render,corners,occl,pnp_err_mm,joints_deg,propagated_from
A,M0,0,empty,-1200.0,-280.0,1,ok,360.0,40.0,180.0,0.0,612.3,42.9,10.0,axis,2,1,1,1,12,0.0,0.028,101.5 -7.4 46.2 -168.3 -97.4 98.8,
A,M0,0,empty,-1000.0,-80.0,1,ok,280.0,0.0,0.0,0.0,531.0,30.8,20.0,axis,18,1,1,1,12,0.0,0.063,100.4 -14.6 30.0 -105.4 -90.0 100.4,
A,M0,0,empty,-920.0,0.0,1,ok,280.0,0.0,0.0,0.0,531.0,30.8,20.0,axis,22,1,1,1,12,0.0,0.063,101.4 -28.2 58.6 -120.4 -90.0 101.4,
A,M0,0,empty,-800.0,120.0,1,ok,280.0,0.0,0.0,0.0,531.0,30.8,20.0,axis,43,1,1,1,12,0.0,0.063,103.3 -41.0 85.7 -134.8 -90.0 103.3,
A,M0,0,empty,-600.0,320.0,1,ok,280.0,0.0,0.0,0.0,531.0,30.8,20.0,axis,62,1,1,1,12,0.0,0.063,108.6 -55.9 118.8 -153.0 -90.0 108.6,
A,M0,0,empty,-400.0,520.0,1,ok,280.0,0.0,0.0,0.0,531.0,30.8,30.0,axis,71,1,1,1,12,0.0,0.063,119.4 -65.5 144.1 -168.5 -90.0 119.4,
A,M0,0,empty,-220.0,700.0,1,ok,280.0,0.0,0.0,0.0,531.0,30.8,20.0,axis,64,1,1,1,12,0.0,0.063,141.9 -68.2 158.2 -179.9 -90.0 141.9,
A,M0,0,empty,-200.0,720.0,1,ok,280.0,0.0,0.0,0.0,531.0,30.8,20.0,axis,65,1,1,1,12,0.0,0.063,145.6 -68.2 158.9 179.4 -90.0 145.6,
A,M0,0,empty,0.0,920.0,1,ok,280.0,0.0,0.0,0.0,531.0,30.8,30.0,axis,63,1,1,1,12,0.0,0.063,-171.6 -67.8 153.4 -175.6 -90.0 -171.6,
A,M0,0,empty,200.0,1120.0,1,ok,280.0,0.0,0.0,0.0,531.0,30.8,30.0,axis,65,1,1,1,12,0.0,0.063,-141.7 -61.4 132.4 -160.9 -90.0 -141.7,
A,M0,0,empty,400.0,1320.0,1,ok,280.0,0.0,0.0,0.0,531.0,30.8,40.0,axis,71,1,1,1,12,0.0,0.063,-126.1 -49.1 103.5 -144.4 -90.0 -126.1,
A,M0,0,empty,480.0,1400.0,1,ok,280.0,0.0,0.0,0.0,531.0,30.8,40.0,axis,69,1,1,1,12,0.0,0.063,-122.1 -42.7 89.5 -136.8 -90.0 -122.1,
A,M0,0,empty,600.0,1520.0,1,ok,280.0,0.0,0.0,0.0,531.0,30.8,40.0,axis,62,1,1,1,12,0.0,0.063,-117.4 -30.7 63.9 -123.1 -90.0 -117.4,
A,M0,0,empty,800.0,1720.0,1,ok,280.0,0.0,0.0,90.0,405.8,22.8,10.0,axis,43,1,1,1,12,0.0,0.064,-124.5 -11.3 23.1 -101.8 -90.0 -34.5,
A,M0,0,empty,1000.0,1920.0,1,ok,280.0,0.0,0.0,180.0,531.0,30.8,20.0,axis,18,1,1,1,12,0.0,0.063,-114.4 -14.6 30.0 -105.4 -90.0 65.6,
A,M0,0,empty,1180.0,2100.0,1,ok,360.0,20.0,0.0,180.0,626.8,45.6,5.0,axis,4,1,1,1,12,0.0,0.264,-114.0 -4.5 13.7 -117.6 -82.0 67.3,
A,M0,0,empty,1200.0,2120.0,1,ok,360.0,40.0,0.0,180.0,612.3,42.9,40.0,axis,2,1,1,1,12,0.0,0.018,-117.0 -8.2 47.5 -166.1 -73.0 68.6,
A,M0,1,arrival,-1200.0,-280.0,1,ok,360.0,40.0,180.0,0.0,612.3,42.9,10.0,axis,2,1,1,1,12,0.0,0.028,101.5 -7.4 46.2 -168.3 -97.4 98.8,complete
A,M0,1,arrival,-1000.0,-80.0,1,ok,280.0,0.0,0.0,0.0,531.0,30.8,20.0,axis,18,1,1,1,12,0.0,0.063,100.4 -14.6 30.0 -105.4 -90.0 100.4,complete
A,M0,1,arrival,-920.0,0.0,1,ok,280.0,0.0,0.0,0.0,531.0,30.8,20.0,axis,22,1,1,1,12,0.0,0.063,101.4 -28.2 58.6 -120.4 -90.0 101.4,complete
A,M0,1,arrival,-800.0,120.0,1,ok,280.0,0.0,0.0,0.0,531.0,30.8,20.0,axis,43,1,1,1,12,0.0,0.063,103.3 -41.0 85.7 -134.8 -90.0 103.3,complete
A,M0,1,arrival,-600.0,320.0,1,ok,280.0,0.0,0.0,0.0,531.0,30.8,20.0,axis,62,1,1,1,12,0.0,0.063,108.6 -55.9 118.8 -153.0 -90.0 108.6,complete
A,M0,1,arrival,-400.0,520.0,1,ok,280.0,0.0,0.0,0.0,531.0,30.8,30.0,axis,71,1,1,1,12,0.0,0.063,119.4 -65.5 144.1 -168.5 -90.0 119.4,complete
A,M0,1,arrival,-220.0,700.0,1,ok,280.0,0.0,0.0,0.0,531.0,30.8,20.0,axis,64,1,1,1,12,0.0,0.063,141.9 -68.2 158.2 -179.9 -90.0 141.9,complete
A,M0,1,arrival,-200.0,720.0,1,ok,280.0,0.0,0.0,0.0,531.0,30.8,20.0,axis,65,1,1,1,12,0.0,0.063,145.6 -68.2 158.9 179.4 -90.0 145.6,complete
A,M0,1,arrival,0.0,920.0,1,ok,280.0,0.0,0.0,0.0,531.0,30.8,30.0,axis,63,1,1,1,12,0.0,0.063,-171.6 -67.8 153.4 -175.6 -90.0 -171.6,complete
A,M0,1,arrival,200.0,1120.0,1,ok,280.0,0.0,0.0,0.0,531.0,30.8,30.0,axis,65,1,1,1,12,0.0,0.063,-141.7 -61.4 132.4 -160.9 -90.0 -141.7,complete
A,M0,1,arrival,400.0,1320.0,1,ok,280.0,0.0,0.0,0.0,531.0,30.8,40.0,axis,71,1,1,1,12,0.0,0.063,-126.1 -49.1 103.5 -144.4 -90.0 -126.1,complete
A,M0,1,arrival,480.0,1400.0,1,ok,280.0,0.0,0.0,0.0,531.0,30.8,40.0,axis,69,1,1,1,12,0.0,0.063,-122.1 -42.7 89.5 -136.8 -90.0 -122.1,complete
A,M0,1,arrival,600.0,1520.0,1,ok,280.0,0.0,0.0,0.0,531.0,30.8,40.0,axis,62,1,1,1,12,0.0,0.063,-117.4 -30.7 63.9 -123.1 -90.0 -117.4,complete
A,M0,1,arrival,800.0,1720.0,1,ok,280.0,0.0,0.0,180.0,531.0,30.8,20.0,axis,43,2,1,1,12,0.0,0.063,-121.2 -41.0 85.7 -134.8 -90.0 58.8,complete
A,M0,1,arrival,1000.0,1920.0,1,ok,280.0,0.0,0.0,180.0,531.0,30.8,20.0,axis,18,1,1,1,12,0.0,0.063,-114.4 -14.6 30.0 -105.4 -90.0 65.6,complete
A,M0,1,arrival,1180.0,2100.0,1,ok,360.0,20.0,0.0,180.0,626.8,45.6,5.0,axis,4,1,1,1,12,0.0,0.264,-114.0 -4.5 13.7 -117.6 -82.0 67.3,complete
A,M0,1,arrival,1200.0,2120.0,1,ok,360.0,40.0,0.0,270.0,630.1,44.3,5.0,axis,2,2,1,1,12,0.0,0.018,-104.7 -0.6 15.1 -143.7 -80.6 168.7,complete
A,M0,1,course0,-1200.0,-280.0,1,ok,360.0,40.0,180.0,0.0,612.3,42.9,10.0,axis,2,1,1,1,12,0.0,0.028,101.5 -7.4 46.2 -168.3 -97.4 98.8,complete
A,M0,1,course0,-1000.0,-80.0,1,ok,280.0,0.0,0.0,0.0,531.0,30.8,20.0,axis,18,1,1,1,12,0.0,0.063,100.4 -14.6 30.0 -105.4 -90.0 100.4,complete
A,M0,1,course0,-920.0,0.0,1,ok,280.0,0.0,0.0,0.0,531.0,30.8,20.0,axis,22,1,1,1,12,0.0,0.063,101.4 -28.2 58.6 -120.4 -90.0 101.4,complete
A,M0,1,course0,-800.0,120.0,1,ok,280.0,0.0,0.0,0.0,531.0,30.8,20.0,axis,43,1,1,1,12,0.0,0.063,103.3 -41.0 85.7 -134.8 -90.0 103.3,complete
A,M0,1,course0,-600.0,320.0,1,ok,280.0,0.0,0.0,0.0,531.0,30.8,20.0,axis,62,1,1,1,12,0.0,0.063,108.6 -55.9 118.8 -153.0 -90.0 108.6,complete
A,M0,1,course0,-400.0,520.0,1,ok,280.0,0.0,0.0,0.0,531.0,30.8,30.0,axis,71,1,1,1,12,0.0,0.063,119.4 -65.5 144.1 -168.5 -90.0 119.4,complete
A,M0,1,course0,-220.0,700.0,1,ok,280.0,0.0,0.0,0.0,531.0,30.8,20.0,axis,64,1,1,1,12,0.0,0.063,141.9 -68.2 158.2 -179.9 -90.0 141.9,complete
A,M0,1,course0,-200.0,720.0,1,ok,280.0,0.0,0.0,0.0,531.0,30.8,20.0,axis,65,1,1,1,12,0.0,0.063,145.6 -68.2 158.9 179.4 -90.0 145.6,complete
A,M0,1,course0,0.0,920.0,1,ok,280.0,0.0,0.0,0.0,531.0,30.8,30.0,axis,63,1,1,1,12,0.0,0.063,-171.6 -67.8 153.4 -175.6 -90.0 -171.6,complete
A,M0,1,course0,200.0,1120.0,1,ok,280.0,0.0,0.0,0.0,531.0,30.8,30.0,axis,65,1,1,1,12,0.0,0.063,-141.7 -61.4 132.4 -160.9 -90.0 -141.7,complete
A,M0,1,course0,400.0,1320.0,1,ok,280.0,0.0,0.0,0.0,531.0,30.8,40.0,axis,71,1,1,1,12,0.0,0.063,-126.1 -49.1 103.5 -144.4 -90.0 -126.1,complete
A,M0,1,course0,480.0,1400.0,1,ok,280.0,0.0,0.0,0.0,531.0,30.8,40.0,axis,69,1,1,1,12,0.0,0.063,-122.1 -42.7 89.5 -136.8 -90.0 -122.1,complete
A,M0,1,course0,600.0,1520.0,1,ok,280.0,0.0,0.0,0.0,531.0,30.8,40.0,axis,62,1,1,1,12,0.0,0.063,-117.4 -30.7 63.9 -123.1 -90.0 -117.4,complete
A,M0,1,course0,800.0,1720.0,1,ok,280.0,0.0,0.0,180.0,531.0,30.8,20.0,axis,43,2,1,1,12,0.0,0.063,-121.2 -41.0 85.7 -134.8 -90.0 58.8,complete
A,M0,1,course0,1000.0,1920.0,1,ok,280.0,0.0,0.0,180.0,531.0,30.8,20.0,axis,18,1,1,1,12,0.0,0.063,-114.4 -14.6 30.0 -105.4 -90.0 65.6,complete
A,M0,1,course0,1180.0,2100.0,1,ok,360.0,20.0,0.0,180.0,626.8,45.6,5.0,axis,4,1,1,1,12,0.0,0.264,-114.0 -4.5 13.7 -117.6 -82.0 67.3,complete
A,M0,1,course0,1200.0,2120.0,1,ok,360.0,40.0,0.0,270.0,630.1,44.3,5.0,axis,2,2,1,1,12,0.0,0.018,-104.7 -0.6 15.1 -143.7 -80.6 168.7,complete
A,M0,1,complete,-1200.0,-280.0,1,ok,360.0,40.0,180.0,0.0,612.3,42.9,10.0,axis,2,1,1,1,12,0.0,0.028,101.5 -7.4 46.2 -168.3 -97.4 98.8,
A,M0,1,complete,-1000.0,-80.0,1,ok,280.0,0.0,0.0,0.0,531.0,30.8,20.0,axis,18,1,1,1,12,0.0,0.063,100.4 -14.6 30.0 -105.4 -90.0 100.4,
A,M0,1,complete,-920.0,0.0,1,ok,280.0,0.0,0.0,0.0,531.0,30.8,20.0,axis,22,1,1,1,12,0.0,0.063,101.4 -28.2 58.6 -120.4 -90.0 101.4,
A,M0,1,complete,-800.0,120.0,1,ok,280.0,0.0,0.0,0.0,531.0,30.8,20.0,axis,43,1,1,1,12,0.0,0.063,103.3 -41.0 85.7 -134.8 -90.0 103.3,
A,M0,1,complete,-600.0,320.0,1,ok,280.0,0.0,0.0,0.0,531.0,30.8,20.0,axis,62,1,1,1,12,0.0,0.063,108.6 -55.9 118.8 -153.0 -90.0 108.6,
A,M0,1,complete,-400.0,520.0,1,ok,280.0,0.0,0.0,0.0,531.0,30.8,30.0,axis,71,1,1,1,12,0.0,0.063,119.4 -65.5 144.1 -168.5 -90.0 119.4,
A,M0,1,complete,-220.0,700.0,1,ok,280.0,0.0,0.0,0.0,531.0,30.8,20.0,axis,64,1,1,1,12,0.0,0.063,141.9 -68.2 158.2 -179.9 -90.0 141.9,
A,M0,1,complete,-200.0,720.0,1,ok,280.0,0.0,0.0,0.0,531.0,30.8,20.0,axis,65,1,1,1,12,0.0,0.063,145.6 -68.2 158.9 179.4 -90.0 145.6,
A,M0,1,complete,0.0,920.0,1,ok,280.0,0.0,0.0,0.0,531.0,30.8,30.0,axis,63,1,1,1,12,0.0,0.063,-171.6 -67.8 153.4 -175.6 -90.0 -171.6,
A,M0,1,complete,200.0,1120.0,1,ok,280.0,0.0,0.0,0.0,531.0,30.8,30.0,axis,65,1,1,1,12,0.0,0.063,-141.7 -61.4 132.4 -160.9 -90.0 -141.7,
A,M0,1,complete,400.0,1320.0,1,ok,280.0,0.0,0.0,0.0,531.0,30.8,40.0,axis,71,1,1,1,12,0.0,0.063,-126.1 -49.1 103.5 -144.4 -90.0 -126.1,
A,M0,1,complete,480.0,1400.0,1,ok,280.0,0.0,0.0,0.0,531.0,30.8,40.0,axis,69,1,1,1,12,0.0,0.063,-122.1 -42.7 89.5 -136.8 -90.0 -122.1,
A,M0,1,complete,600.0,1520.0,1,ok,280.0,0.0,0.0,0.0,531.0,30.8,40.0,axis,62,1,1,1,12,0.0,0.063,-117.4 -30.7 63.9 -123.1 -90.0 -117.4,
A,M0,1,complete,800.0,1720.0,1,ok,280.0,0.0,0.0,180.0,531.0,30.8,20.0,axis,43,2,1,1,12,0.0,0.063,-121.2 -41.0 85.7 -134.8 -90.0 58.8,
A,M0,1,complete,1000.0,1920.0,1,ok,280.0,0.0,0.0,180.0,531.0,30.8,20.0,axis,18,1,1,1,12,0.0,0.063,-114.4 -14.6 30.0 -105.4 -90.0 65.6,
A,M0,1,complete,1180.0,2100.0,1,ok,360.0,20.0,0.0,180.0,626.8,45.6,5.0,axis,4,1,1,1,12,0.0,0.264,-114.0 -4.5 13.7 -117.6 -82.0 67.3,
A,M0,1,complete,1200.0,2120.0,1,ok,360.0,40.0,0.0,270.0,630.1,44.3,5.0,axis,2,2,1,1,12,0.0,0.018,-104.7 -0.6 15.1 -143.7 -80.6 168.7,
A,M0,2,arrival,-1200.0,1120.0,1,ok,360.0,40.0,180.0,0.0,612.3,42.9,10.0,axis,2,1,1,1,12,0.0,0.028,101.5 -7.4 46.2 -168.3 -97.4 98.8,complete
A,M0,2,arrival,-1000.0,1320.0,1,ok,280.0,0.0,0.0,0.0,531.0,30.8,20.0,axis,18,1,1,1,12,0.0,0.063,100.4 -14.6 30.0 -105.4 -90.0 100.4,complete
A,M0,2,arrival,-920.0,1400.0,1,ok,280.0,0.0,0.0,0.0,531.0,30.8,20.0,axis,22,1,1,1,12,0.0,0.063,101.4 -28.2 58.6 -120.4 -90.0 101.4,complete
A,M0,2,arrival,-800.0,1520.0,1,ok,280.0,0.0,0.0,0.0,531.0,30.8,20.0,axis,43,1,1,1,12,0.0,0.063,103.3 -41.0 85.7 -134.8 -90.0 103.3,complete
A,M0,2,arrival,-600.0,1720.0,1,ok,280.0,0.0,0.0,0.0,531.0,30.8,20.0,axis,62,1,1,1,12,0.0,0.063,108.6 -55.9 118.8 -153.0 -90.0 108.6,complete
A,M0,2,arrival,-400.0,1920.0,1,ok,280.0,0.0,0.0,0.0,531.0,30.8,30.0,axis,71,1,1,1,12,0.0,0.063,119.4 -65.5 144.1 -168.5 -90.0 119.4,complete
A,M0,2,arrival,-220.0,2100.0,1,ok,280.0,0.0,0.0,0.0,531.0,30.8,20.0,axis,64,1,1,1,12,0.0,0.063,141.9 -68.2 158.2 -179.9 -90.0 141.9,complete
A,M0,2,arrival,-200.0,2120.0,1,ok,280.0,0.0,0.0,0.0,531.0,30.8,20.0,axis,65,1,1,1,12,0.0,0.063,145.6 -68.2 158.9 179.4 -90.0 145.6,complete
A,M0,2,arrival,0.0,2320.0,1,ok,280.0,0.0,0.0,0.0,531.0,30.8,30.0,axis,63,1,1,1,12,0.0,0.063,-171.6 -67.8 153.4 -175.6 -90.0 -171.6,complete
A,M0,2,arrival,200.0,2520.0,1,ok,280.0,0.0,0.0,0.0,531.0,30.8,30.0,axis,65,1,1,1,12,0.0,0.063,-141.7 -61.4 132.4 -160.9 -90.0 -141.7,complete
A,M0,2,arrival,400.0,2720.0,1,ok,280.0,0.0,0.0,0.0,531.0,30.8,40.0,axis,71,1,1,1,12,0.0,0.063,-126.1 -49.1 103.5 -144.4 -90.0 -126.1,complete
A,M0,2,arrival,480.0,2800.0,1,ok,280.0,0.0,0.0,0.0,531.0,30.8,40.0,axis,69,1,1,1,12,0.0,0.063,-122.1 -42.7 89.5 -136.8 -90.0 -122.1,complete
A,M0,2,arrival,600.0,2920.0,1,ok,280.0,0.0,0.0,0.0,531.0,30.8,40.0,axis,62,1,1,1,12,0.0,0.063,-117.4 -30.7 63.9 -123.1 -90.0 -117.4,complete
A,M0,2,arrival,800.0,3120.0,1,ok,280.0,0.0,0.0,180.0,531.0,30.8,20.0,axis,43,2,1,1,12,0.0,0.063,-121.2 -41.0 85.7 -134.8 -90.0 58.8,complete
A,M0,2,arrival,1000.0,3320.0,1,ok,280.0,0.0,0.0,180.0,531.0,30.8,20.0,axis,18,1,1,1,12,0.0,0.063,-114.4 -14.6 30.0 -105.4 -90.0 65.6,complete
A,M0,2,arrival,1180.0,3500.0,1,ok,360.0,20.0,0.0,180.0,626.8,45.6,5.0,axis,4,1,1,1,12,0.0,0.264,-114.0 -4.5 13.7 -117.6 -82.0 67.3,complete
A,M0,2,arrival,1200.0,3520.0,1,ok,360.0,40.0,0.0,270.0,630.1,44.3,5.0,axis,2,2,1,1,12,0.0,0.018,-104.7 -0.6 15.1 -143.7 -80.6 168.7,complete
A,M0,2,course0,-1200.0,1120.0,1,ok,360.0,40.0,180.0,0.0,612.3,42.9,10.0,axis,2,1,1,1,12,0.0,0.028,101.5 -7.4 46.2 -168.3 -97.4 98.8,complete
A,M0,2,course0,-1000.0,1320.0,1,ok,280.0,0.0,0.0,0.0,531.0,30.8,20.0,axis,18,1,1,1,12,0.0,0.063,100.4 -14.6 30.0 -105.4 -90.0 100.4,complete
A,M0,2,course0,-920.0,1400.0,1,ok,280.0,0.0,0.0,0.0,531.0,30.8,20.0,axis,22,1,1,1,12,0.0,0.063,101.4 -28.2 58.6 -120.4 -90.0 101.4,complete
A,M0,2,course0,-800.0,1520.0,1,ok,280.0,0.0,0.0,0.0,531.0,30.8,20.0,axis,43,1,1,1,12,0.0,0.063,103.3 -41.0 85.7 -134.8 -90.0 103.3,complete
A,M0,2,course0,-600.0,1720.0,1,ok,280.0,0.0,0.0,0.0,531.0,30.8,20.0,axis,62,1,1,1,12,0.0,0.063,108.6 -55.9 118.8 -153.0 -90.0 108.6,complete
A,M0,2,course0,-400.0,1920.0,1,ok,280.0,0.0,0.0,0.0,531.0,30.8,30.0,axis,71,1,1,1,12,0.0,0.063,119.4 -65.5 144.1 -168.5 -90.0 119.4,complete
A,M0,2,course0,-220.0,2100.0,1,ok,280.0,0.0,0.0,0.0,531.0,30.8,20.0,axis,64,1,1,1,12,0.0,0.063,141.9 -68.2 158.2 -179.9 -90.0 141.9,complete
A,M0,2,course0,-200.0,2120.0,1,ok,280.0,0.0,0.0,0.0,531.0,30.8,20.0,axis,65,1,1,1,12,0.0,0.063,145.6 -68.2 158.9 179.4 -90.0 145.6,complete
A,M0,2,course0,0.0,2320.0,1,ok,280.0,0.0,0.0,0.0,531.0,30.8,30.0,axis,63,1,1,1,12,0.0,0.063,-171.6 -67.8 153.4 -175.6 -90.0 -171.6,complete
A,M0,2,course0,200.0,2520.0,1,ok,280.0,0.0,0.0,0.0,531.0,30.8,30.0,axis,65,1,1,1,12,0.0,0.063,-141.7 -61.4 132.4 -160.9 -90.0 -141.7,complete
A,M0,2,course0,400.0,2720.0,1,ok,280.0,0.0,0.0,0.0,531.0,30.8,40.0,axis,71,1,1,1,12,0.0,0.063,-126.1 -49.1 103.5 -144.4 -90.0 -126.1,complete
A,M0,2,course0,480.0,2800.0,1,ok,280.0,0.0,0.0,0.0,531.0,30.8,40.0,axis,69,1,1,1,12,0.0,0.063,-122.1 -42.7 89.5 -136.8 -90.0 -122.1,complete
A,M0,2,course0,600.0,2920.0,1,ok,280.0,0.0,0.0,0.0,531.0,30.8,40.0,axis,62,1,1,1,12,0.0,0.063,-117.4 -30.7 63.9 -123.1 -90.0 -117.4,complete
A,M0,2,course0,800.0,3120.0,1,ok,280.0,0.0,0.0,180.0,531.0,30.8,20.0,axis,43,2,1,1,12,0.0,0.063,-121.2 -41.0 85.7 -134.8 -90.0 58.8,complete
A,M0,2,course0,1000.0,3320.0,1,ok,280.0,0.0,0.0,180.0,531.0,30.8,20.0,axis,18,1,1,1,12,0.0,0.063,-114.4 -14.6 30.0 -105.4 -90.0 65.6,complete
A,M0,2,course0,1180.0,3500.0,1,ok,360.0,20.0,0.0,180.0,626.8,45.6,5.0,axis,4,1,1,1,12,0.0,0.264,-114.0 -4.5 13.7 -117.6 -82.0 67.3,complete
A,M0,2,course0,1200.0,3520.0,1,ok,360.0,40.0,0.0,270.0,630.1,44.3,5.0,axis,2,2,1,1,12,0.0,0.018,-104.7 -0.6 15.1 -143.7 -80.6 168.7,complete
A,M0,2,complete,-1200.0,1120.0,1,ok,360.0,40.0,180.0,0.0,612.3,42.9,10.0,axis,2,1,1,1,12,0.0,0.028,101.5 -7.4 46.2 -168.3 -97.4 98.8,
A,M0,2,complete,-1000.0,1320.0,1,ok,280.0,0.0,0.0,0.0,531.0,30.8,20.0,axis,18,1,1,1,12,0.0,0.063,100.4 -14.6 30.0 -105.4 -90.0 100.4,
A,M0,2,complete,-920.0,1400.0,1,ok,280.0,0.0,0.0,0.0,531.0,30.8,20.0,axis,22,1,1,1,12,0.0,0.063,101.4 -28.2 58.6 -120.4 -90.0 101.4,
A,M0,2,complete,-800.0,1520.0,1,ok,280.0,0.0,0.0,0.0,531.0,30.8,20.0,axis,43,1,1,1,12,0.0,0.063,103.3 -41.0 85.7 -134.8 -90.0 103.3,
A,M0,2,complete,-600.0,1720.0,1,ok,280.0,0.0,0.0,0.0,531.0,30.8,20.0,axis,62,1,1,1,12,0.0,0.063,108.6 -55.9 118.8 -153.0 -90.0 108.6,
A,M0,2,complete,-400.0,1920.0,1,ok,280.0,0.0,0.0,0.0,531.0,30.8,30.0,axis,71,1,1,1,12,0.0,0.063,119.4 -65.5 144.1 -168.5 -90.0 119.4,
A,M0,2,complete,-220.0,2100.0,1,ok,280.0,0.0,0.0,0.0,531.0,30.8,20.0,axis,64,1,1,1,12,0.0,0.063,141.9 -68.2 158.2 -179.9 -90.0 141.9,
A,M0,2,complete,-200.0,2120.0,1,ok,280.0,0.0,0.0,0.0,531.0,30.8,20.0,axis,65,1,1,1,12,0.0,0.063,145.6 -68.2 158.9 179.4 -90.0 145.6,
A,M0,2,complete,0.0,2320.0,1,ok,280.0,0.0,0.0,0.0,531.0,30.8,30.0,axis,63,1,1,1,12,0.0,0.063,-171.6 -67.8 153.4 -175.6 -90.0 -171.6,
A,M0,2,complete,200.0,2520.0,1,ok,280.0,0.0,0.0,0.0,531.0,30.8,30.0,axis,65,1,1,1,12,0.0,0.063,-141.7 -61.4 132.4 -160.9 -90.0 -141.7,
A,M0,2,complete,400.0,2720.0,1,ok,280.0,0.0,0.0,0.0,531.0,30.8,40.0,axis,71,1,1,1,12,0.0,0.063,-126.1 -49.1 103.5 -144.4 -90.0 -126.1,
A,M0,2,complete,480.0,2800.0,1,ok,280.0,0.0,0.0,0.0,531.0,30.8,40.0,axis,69,1,1,1,12,0.0,0.063,-122.1 -42.7 89.5 -136.8 -90.0 -122.1,
A,M0,2,complete,600.0,2920.0,1,ok,280.0,0.0,0.0,0.0,531.0,30.8,40.0,axis,62,1,1,1,12,0.0,0.063,-117.4 -30.7 63.9 -123.1 -90.0 -117.4,
A,M0,2,complete,800.0,3120.0,1,ok,280.0,0.0,0.0,180.0,531.0,30.8,20.0,axis,43,2,1,1,12,0.0,0.063,-121.2 -41.0 85.7 -134.8 -90.0 58.8,
A,M0,2,complete,1000.0,3320.0,1,ok,280.0,0.0,0.0,180.0,531.0,30.8,20.0,axis,18,1,1,1,12,0.0,0.063,-114.4 -14.6 30.0 -105.4 -90.0 65.6,
A,M0,2,complete,1180.0,3500.0,1,ok,360.0,20.0,0.0,180.0,626.8,45.6,5.0,axis,4,1,1,1,12,0.0,0.264,-114.0 -4.5 13.7 -117.6 -82.0 67.3,
A,M0,2,complete,1200.0,3520.0,1,ok,360.0,40.0,0.0,270.0,630.1,44.3,5.0,axis,2,2,1,1,12,0.0,0.018,-104.7 -0.6 15.1 -143.7 -80.6 168.7,
A,M0,3,arrival,-1200.0,2520.0,1,ok,360.0,40.0,180.0,0.0,612.3,42.9,10.0,axis,2,1,1,1,12,0.0,0.028,101.5 -7.4 46.2 -168.3 -97.4 98.8,complete
A,M0,3,arrival,-1000.0,2720.0,1,ok,280.0,0.0,0.0,0.0,531.0,30.8,20.0,axis,18,1,1,1,12,0.0,0.063,100.4 -14.6 30.0 -105.4 -90.0 100.4,complete
A,M0,3,arrival,-920.0,2800.0,1,ok,280.0,0.0,0.0,0.0,531.0,30.8,20.0,axis,22,1,1,1,12,0.0,0.063,101.4 -28.2 58.6 -120.4 -90.0 101.4,complete
A,M0,3,arrival,-800.0,2920.0,1,ok,280.0,0.0,0.0,0.0,531.0,30.8,20.0,axis,43,1,1,1,12,0.0,0.063,103.3 -41.0 85.7 -134.8 -90.0 103.3,complete
A,M0,3,arrival,-600.0,3120.0,1,ok,280.0,0.0,0.0,0.0,531.0,30.8,20.0,axis,62,1,1,1,12,0.0,0.063,108.6 -55.9 118.8 -153.0 -90.0 108.6,complete
A,M0,3,arrival,-400.0,3320.0,1,ok,280.0,0.0,0.0,0.0,531.0,30.8,30.0,axis,71,1,1,1,12,0.0,0.063,119.4 -65.5 144.1 -168.5 -90.0 119.4,complete
A,M0,3,arrival,-220.0,3500.0,1,ok,280.0,0.0,0.0,0.0,531.0,30.8,20.0,axis,64,1,1,1,12,0.0,0.063,141.9 -68.2 158.2 -179.9 -90.0 141.9,complete
A,M0,3,arrival,-200.0,3520.0,1,ok,280.0,0.0,0.0,0.0,531.0,30.8,20.0,axis,65,1,1,1,12,0.0,0.063,145.6 -68.2 158.9 179.4 -90.0 145.6,complete
A,M0,3,arrival,0.0,3720.0,1,ok,280.0,0.0,0.0,0.0,531.0,30.8,30.0,axis,63,1,1,1,12,0.0,0.063,-171.6 -67.8 153.4 -175.6 -90.0 -171.6,complete
A,M0,3,arrival,200.0,3920.0,1,ok,280.0,0.0,0.0,0.0,531.0,30.8,30.0,axis,65,1,1,1,12,0.0,0.063,-141.7 -61.4 132.4 -160.9 -90.0 -141.7,complete
A,M0,3,arrival,400.0,4120.0,1,ok,280.0,0.0,0.0,0.0,531.0,30.8,40.0,axis,71,1,1,1,12,0.0,0.063,-126.1 -49.1 103.5 -144.4 -90.0 -126.1,complete
A,M0,3,arrival,480.0,4200.0,1,ok,280.0,0.0,0.0,0.0,531.0,30.8,40.0,axis,69,1,1,1,12,0.0,0.063,-122.1 -42.7 89.5 -136.8 -90.0 -122.1,complete
A,M0,3,arrival,600.0,4320.0,1,ok,280.0,0.0,0.0,0.0,531.0,30.8,40.0,axis,62,1,1,1,12,0.0,0.063,-117.4 -30.7 63.9 -123.1 -90.0 -117.4,complete
A,M0,3,arrival,800.0,4520.0,1,ok,280.0,0.0,0.0,180.0,531.0,30.8,20.0,axis,43,2,1,1,12,0.0,0.063,-121.2 -41.0 85.7 -134.8 -90.0 58.8,complete
A,M0,3,arrival,1000.0,4720.0,1,ok,280.0,0.0,0.0,180.0,531.0,30.8,20.0,axis,18,1,1,1,12,0.0,0.063,-114.4 -14.6 30.0 -105.4 -90.0 65.6,complete
A,M0,3,arrival,1180.0,4900.0,1,ok,360.0,20.0,0.0,180.0,626.8,45.6,5.0,axis,4,1,1,1,12,0.0,0.264,-114.0 -4.5 13.7 -117.6 -82.0 67.3,complete
A,M0,3,arrival,1200.0,4920.0,1,ok,360.0,40.0,0.0,270.0,630.1,44.3,5.0,axis,2,2,1,1,12,0.0,0.018,-104.7 -0.6 15.1 -143.7 -80.6 168.7,complete
A,M0,3,course0,-1200.0,2520.0,1,ok,360.0,40.0,180.0,0.0,612.3,42.9,10.0,axis,2,1,1,1,12,0.0,0.028,101.5 -7.4 46.2 -168.3 -97.4 98.8,complete
A,M0,3,course0,-1000.0,2720.0,1,ok,280.0,0.0,0.0,0.0,531.0,30.8,20.0,axis,18,1,1,1,12,0.0,0.063,100.4 -14.6 30.0 -105.4 -90.0 100.4,complete
A,M0,3,course0,-920.0,2800.0,1,ok,280.0,0.0,0.0,0.0,531.0,30.8,20.0,axis,22,1,1,1,12,0.0,0.063,101.4 -28.2 58.6 -120.4 -90.0 101.4,complete
A,M0,3,course0,-800.0,2920.0,1,ok,280.0,0.0,0.0,0.0,531.0,30.8,20.0,axis,43,1,1,1,12,0.0,0.063,103.3 -41.0 85.7 -134.8 -90.0 103.3,complete
A,M0,3,course0,-600.0,3120.0,1,ok,280.0,0.0,0.0,0.0,531.0,30.8,20.0,axis,62,1,1,1,12,0.0,0.063,108.6 -55.9 118.8 -153.0 -90.0 108.6,complete
A,M0,3,course0,-400.0,3320.0,1,ok,280.0,0.0,0.0,0.0,531.0,30.8,30.0,axis,71,1,1,1,12,0.0,0.063,119.4 -65.5 144.1 -168.5 -90.0 119.4,complete
A,M0,3,course0,-220.0,3500.0,1,ok,280.0,0.0,0.0,0.0,531.0,30.8,20.0,axis,64,1,1,1,12,0.0,0.063,141.9 -68.2 158.2 -179.9 -90.0 141.9,complete
A,M0,3,course0,-200.0,3520.0,1,ok,280.0,0.0,0.0,0.0,531.0,30.8,20.0,axis,65,1,1,1,12,0.0,0.063,145.6 -68.2 158.9 179.4 -90.0 145.6,complete
A,M0,3,course0,0.0,3720.0,1,ok,280.0,0.0,0.0,0.0,531.0,30.8,30.0,axis,63,1,1,1,12,0.0,0.063,-171.6 -67.8 153.4 -175.6 -90.0 -171.6,complete
A,M0,3,course0,200.0,3920.0,1,ok,280.0,0.0,0.0,0.0,531.0,30.8,30.0,axis,65,1,1,1,12,0.0,0.063,-141.7 -61.4 132.4 -160.9 -90.0 -141.7,complete
A,M0,3,course0,400.0,4120.0,1,ok,280.0,0.0,0.0,0.0,531.0,30.8,40.0,axis,71,1,1,1,12,0.0,0.063,-126.1 -49.1 103.5 -144.4 -90.0 -126.1,complete
A,M0,3,course0,480.0,4200.0,1,ok,280.0,0.0,0.0,0.0,531.0,30.8,40.0,axis,69,1,1,1,12,0.0,0.063,-122.1 -42.7 89.5 -136.8 -90.0 -122.1,complete
A,M0,3,course0,600.0,4320.0,1,ok,280.0,0.0,0.0,0.0,531.0,30.8,40.0,axis,62,1,1,1,12,0.0,0.063,-117.4 -30.7 63.9 -123.1 -90.0 -117.4,complete
A,M0,3,course0,800.0,4520.0,1,ok,280.0,0.0,0.0,180.0,531.0,30.8,20.0,axis,43,2,1,1,12,0.0,0.063,-121.2 -41.0 85.7 -134.8 -90.0 58.8,complete
A,M0,3,course0,1000.0,4720.0,1,ok,280.0,0.0,0.0,180.0,531.0,30.8,20.0,axis,18,1,1,1,12,0.0,0.063,-114.4 -14.6 30.0 -105.4 -90.0 65.6,complete
A,M0,3,course0,1180.0,4900.0,1,ok,360.0,20.0,0.0,180.0,626.8,45.6,5.0,axis,4,1,1,1,12,0.0,0.264,-114.0 -4.5 13.7 -117.6 -82.0 67.3,complete
A,M0,3,course0,1200.0,4920.0,1,ok,360.0,40.0,0.0,270.0,630.1,44.3,5.0,axis,2,2,1,1,12,0.0,0.018,-104.7 -0.6 15.1 -143.7 -80.6 168.7,complete
A,M0,3,complete,-1200.0,2520.0,1,ok,360.0,40.0,180.0,0.0,612.3,42.9,10.0,axis,2,1,1,1,12,0.0,0.028,101.5 -7.4 46.2 -168.3 -97.4 98.8,
A,M0,3,complete,-1000.0,2720.0,1,ok,280.0,0.0,0.0,0.0,531.0,30.8,20.0,axis,18,1,1,1,12,0.0,0.063,100.4 -14.6 30.0 -105.4 -90.0 100.4,
A,M0,3,complete,-920.0,2800.0,1,ok,280.0,0.0,0.0,0.0,531.0,30.8,20.0,axis,22,1,1,1,12,0.0,0.063,101.4 -28.2 58.6 -120.4 -90.0 101.4,
A,M0,3,complete,-800.0,2920.0,1,ok,280.0,0.0,0.0,0.0,531.0,30.8,20.0,axis,43,1,1,1,12,0.0,0.063,103.3 -41.0 85.7 -134.8 -90.0 103.3,
A,M0,3,complete,-600.0,3120.0,1,ok,280.0,0.0,0.0,0.0,531.0,30.8,20.0,axis,62,1,1,1,12,0.0,0.063,108.6 -55.9 118.8 -153.0 -90.0 108.6,
A,M0,3,complete,-400.0,3320.0,1,ok,280.0,0.0,0.0,0.0,531.0,30.8,30.0,axis,71,1,1,1,12,0.0,0.063,119.4 -65.5 144.1 -168.5 -90.0 119.4,
A,M0,3,complete,-220.0,3500.0,1,ok,280.0,0.0,0.0,0.0,531.0,30.8,20.0,axis,64,1,1,1,12,0.0,0.063,141.9 -68.2 158.2 -179.9 -90.0 141.9,
A,M0,3,complete,-200.0,3520.0,1,ok,280.0,0.0,0.0,0.0,531.0,30.8,20.0,axis,65,1,1,1,12,0.0,0.063,145.6 -68.2 158.9 179.4 -90.0 145.6,
A,M0,3,complete,0.0,3720.0,1,ok,280.0,0.0,0.0,0.0,531.0,30.8,30.0,axis,63,1,1,1,12,0.0,0.063,-171.6 -67.8 153.4 -175.6 -90.0 -171.6,
A,M0,3,complete,200.0,3920.0,1,ok,280.0,0.0,0.0,0.0,531.0,30.8,30.0,axis,65,1,1,1,12,0.0,0.063,-141.7 -61.4 132.4 -160.9 -90.0 -141.7,
A,M0,3,complete,400.0,4120.0,1,ok,280.0,0.0,0.0,0.0,531.0,30.8,40.0,axis,71,1,1,1,12,0.0,0.063,-126.1 -49.1 103.5 -144.4 -90.0 -126.1,
A,M0,3,complete,480.0,4200.0,1,ok,280.0,0.0,0.0,0.0,531.0,30.8,40.0,axis,69,1,1,1,12,0.0,0.063,-122.1 -42.7 89.5 -136.8 -90.0 -122.1,
A,M0,3,complete,600.0,4320.0,1,ok,280.0,0.0,0.0,0.0,531.0,30.8,40.0,axis,62,1,1,1,12,0.0,0.063,-117.4 -30.7 63.9 -123.1 -90.0 -117.4,
A,M0,3,complete,800.0,4520.0,1,ok,280.0,0.0,0.0,180.0,531.0,30.8,20.0,axis,43,2,1,1,12,0.0,0.063,-121.2 -41.0 85.7 -134.8 -90.0 58.8,
A,M0,3,complete,1000.0,4720.0,1,ok,280.0,0.0,0.0,180.0,531.0,30.8,20.0,axis,18,1,1,1,12,0.0,0.063,-114.4 -14.6 30.0 -105.4 -90.0 65.6,
A,M0,3,complete,1180.0,4900.0,1,ok,360.0,20.0,0.0,180.0,626.8,45.6,5.0,axis,4,1,1,1,12,0.0,0.264,-114.0 -4.5 13.7 -117.6 -82.0 67.3,
A,M0,3,complete,1200.0,4920.0,1,ok,360.0,40.0,0.0,270.0,630.1,44.3,5.0,axis,2,2,1,1,12,0.0,0.018,-104.7 -0.6 15.1 -143.7 -80.6 168.7,
A,M0,4,arrival,-1200.0,3920.0,1,ok,360.0,40.0,180.0,0.0,612.3,42.9,10.0,axis,2,1,1,1,12,0.0,0.028,101.5 -7.4 46.2 -168.3 -97.4 98.8,complete
A,M0,4,arrival,-1000.0,4120.0,1,ok,280.0,0.0,0.0,0.0,531.0,30.8,20.0,axis,18,1,1,1,12,0.0,0.063,100.4 -14.6 30.0 -105.4 -90.0 100.4,complete
A,M0,4,arrival,-920.0,4200.0,1,ok,280.0,0.0,0.0,0.0,531.0,30.8,20.0,axis,22,1,1,1,12,0.0,0.063,101.4 -28.2 58.6 -120.4 -90.0 101.4,complete
A,M0,4,arrival,-800.0,4320.0,1,ok,280.0,0.0,0.0,0.0,531.0,30.8,20.0,axis,43,1,1,1,12,0.0,0.063,103.3 -41.0 85.7 -134.8 -90.0 103.3,complete
A,M0,4,arrival,-600.0,4520.0,1,ok,280.0,0.0,0.0,0.0,531.0,30.8,20.0,axis,62,1,1,1,12,0.0,0.063,108.6 -55.9 118.8 -153.0 -90.0 108.6,complete
A,M0,4,arrival,-400.0,4720.0,1,ok,280.0,0.0,0.0,0.0,531.0,30.8,30.0,axis,71,1,1,1,12,0.0,0.063,119.4 -65.5 144.1 -168.5 -90.0 119.4,complete
A,M0,4,arrival,-220.0,4900.0,1,ok,280.0,0.0,0.0,0.0,531.0,30.8,20.0,axis,64,1,1,1,12,0.0,0.063,141.9 -68.2 158.2 -179.9 -90.0 141.9,complete
A,M0,4,arrival,-200.0,4920.0,1,ok,280.0,0.0,0.0,0.0,531.0,30.8,20.0,axis,65,1,1,1,12,0.0,0.063,145.6 -68.2 158.9 179.4 -90.0 145.6,complete
A,M0,4,arrival,0.0,5120.0,1,ok,280.0,0.0,0.0,0.0,531.0,30.8,30.0,axis,63,1,1,1,12,0.0,0.063,-171.6 -67.8 153.4 -175.6 -90.0 -171.6,complete
A,M0,4,arrival,200.0,5320.0,1,ok,280.0,0.0,0.0,0.0,531.0,30.8,30.0,axis,65,1,1,1,12,0.0,0.063,-141.7 -61.4 132.4 -160.9 -90.0 -141.7,complete
A,M0,4,arrival,400.0,5520.0,1,ok,280.0,0.0,0.0,0.0,531.0,30.8,40.0,axis,71,1,1,1,12,0.0,0.063,-126.1 -49.1 103.5 -144.4 -90.0 -126.1,complete
A,M0,4,arrival,480.0,5600.0,1,ok,280.0,0.0,0.0,0.0,531.0,30.8,40.0,axis,69,1,1,1,12,0.0,0.063,-122.1 -42.7 89.5 -136.8 -90.0 -122.1,complete
A,M0,4,arrival,600.0,5720.0,1,ok,280.0,0.0,0.0,0.0,531.0,30.8,40.0,axis,62,1,1,1,12,0.0,0.063,-117.4 -30.7 63.9 -123.1 -90.0 -117.4,complete
A,M0,4,arrival,800.0,5920.0,1,ok,280.0,0.0,0.0,90.0,405.8,22.8,10.0,axis,43,1,1,1,12,0.0,0.064,-124.5 -11.3 23.1 -101.8 -90.0 -34.5,complete
A,M0,4,arrival,1000.0,6120.0,1,ok,280.0,0.0,0.0,180.0,531.0,30.8,20.0,axis,18,1,1,1,12,0.0,0.063,-114.4 -14.6 30.0 -105.4 -90.0 65.6,complete
A,M0,4,arrival,1180.0,6300.0,1,ok,360.0,20.0,0.0,180.0,626.8,45.6,5.0,axis,4,1,1,1,12,0.0,0.264,-114.0 -4.5 13.7 -117.6 -82.0 67.3,complete
A,M0,4,arrival,1200.0,6320.0,1,ok,360.0,40.0,0.0,180.0,612.3,42.9,40.0,axis,2,1,1,1,12,0.0,0.018,-117.0 -8.2 47.5 -166.1 -73.0 68.6,complete
A,M0,4,course0,-1200.0,3920.0,1,ok,360.0,40.0,180.0,0.0,612.3,42.9,10.0,axis,2,1,1,1,12,0.0,0.028,101.5 -7.4 46.2 -168.3 -97.4 98.8,complete
A,M0,4,course0,-1000.0,4120.0,1,ok,280.0,0.0,0.0,0.0,531.0,30.8,20.0,axis,18,1,1,1,12,0.0,0.063,100.4 -14.6 30.0 -105.4 -90.0 100.4,complete
A,M0,4,course0,-920.0,4200.0,1,ok,280.0,0.0,0.0,0.0,531.0,30.8,20.0,axis,22,1,1,1,12,0.0,0.063,101.4 -28.2 58.6 -120.4 -90.0 101.4,complete
A,M0,4,course0,-800.0,4320.0,1,ok,280.0,0.0,0.0,0.0,531.0,30.8,20.0,axis,43,1,1,1,12,0.0,0.063,103.3 -41.0 85.7 -134.8 -90.0 103.3,complete
A,M0,4,course0,-600.0,4520.0,1,ok,280.0,0.0,0.0,0.0,531.0,30.8,20.0,axis,62,1,1,1,12,0.0,0.063,108.6 -55.9 118.8 -153.0 -90.0 108.6,complete
A,M0,4,course0,-400.0,4720.0,1,ok,280.0,0.0,0.0,0.0,531.0,30.8,30.0,axis,71,1,1,1,12,0.0,0.063,119.4 -65.5 144.1 -168.5 -90.0 119.4,complete
A,M0,4,course0,-220.0,4900.0,1,ok,280.0,0.0,0.0,0.0,531.0,30.8,20.0,axis,64,1,1,1,12,0.0,0.063,141.9 -68.2 158.2 -179.9 -90.0 141.9,complete
A,M0,4,course0,-200.0,4920.0,1,ok,280.0,0.0,0.0,0.0,531.0,30.8,20.0,axis,65,1,1,1,12,0.0,0.063,145.6 -68.2 158.9 179.4 -90.0 145.6,complete
A,M0,4,course0,0.0,5120.0,1,ok,280.0,0.0,0.0,0.0,531.0,30.8,30.0,axis,63,1,1,1,12,0.0,0.063,-171.6 -67.8 153.4 -175.6 -90.0 -171.6,complete
A,M0,4,course0,200.0,5320.0,1,ok,280.0,0.0,0.0,0.0,531.0,30.8,30.0,axis,65,1,1,1,12,0.0,0.063,-141.7 -61.4 132.4 -160.9 -90.0 -141.7,complete
A,M0,4,course0,400.0,5520.0,1,ok,280.0,0.0,0.0,0.0,531.0,30.8,40.0,axis,71,1,1,1,12,0.0,0.063,-126.1 -49.1 103.5 -144.4 -90.0 -126.1,complete
A,M0,4,course0,480.0,5600.0,1,ok,280.0,0.0,0.0,0.0,531.0,30.8,40.0,axis,69,1,1,1,12,0.0,0.063,-122.1 -42.7 89.5 -136.8 -90.0 -122.1,complete
A,M0,4,course0,600.0,5720.0,1,ok,280.0,0.0,0.0,0.0,531.0,30.8,40.0,axis,62,1,1,1,12,0.0,0.063,-117.4 -30.7 63.9 -123.1 -90.0 -117.4,complete
A,M0,4,course0,800.0,5920.0,1,ok,280.0,0.0,0.0,90.0,405.8,22.8,10.0,axis,43,1,1,1,12,0.0,0.064,-124.5 -11.3 23.1 -101.8 -90.0 -34.5,complete
A,M0,4,course0,1000.0,6120.0,1,ok,280.0,0.0,0.0,180.0,531.0,30.8,20.0,axis,18,1,1,1,12,0.0,0.063,-114.4 -14.6 30.0 -105.4 -90.0 65.6,complete
A,M0,4,course0,1180.0,6300.0,1,ok,360.0,20.0,0.0,180.0,626.8,45.6,5.0,axis,4,1,1,1,12,0.0,0.264,-114.0 -4.5 13.7 -117.6 -82.0 67.3,complete
A,M0,4,course0,1200.0,6320.0,1,ok,360.0,40.0,0.0,180.0,612.3,42.9,40.0,axis,2,1,1,1,12,0.0,0.018,-117.0 -8.2 47.5 -166.1 -73.0 68.6,complete
A,M0,4,complete,-1200.0,3920.0,1,ok,360.0,40.0,180.0,0.0,612.3,42.9,10.0,axis,2,1,1,1,12,0.0,0.028,101.5 -7.4 46.2 -168.3 -97.4 98.8,
A,M0,4,complete,-1000.0,4120.0,1,ok,280.0,0.0,0.0,0.0,531.0,30.8,20.0,axis,18,1,1,1,12,0.0,0.063,100.4 -14.6 30.0 -105.4 -90.0 100.4,
A,M0,4,complete,-920.0,4200.0,1,ok,280.0,0.0,0.0,0.0,531.0,30.8,20.0,axis,22,1,1,1,12,0.0,0.063,101.4 -28.2 58.6 -120.4 -90.0 101.4,
A,M0,4,complete,-800.0,4320.0,1,ok,280.0,0.0,0.0,0.0,531.0,30.8,20.0,axis,43,1,1,1,12,0.0,0.063,103.3 -41.0 85.7 -134.8 -90.0 103.3,
A,M0,4,complete,-600.0,4520.0,1,ok,280.0,0.0,0.0,0.0,531.0,30.8,20.0,axis,62,1,1,1,12,0.0,0.063,108.6 -55.9 118.8 -153.0 -90.0 108.6,
A,M0,4,complete,-400.0,4720.0,1,ok,280.0,0.0,0.0,0.0,531.0,30.8,30.0,axis,71,1,1,1,12,0.0,0.063,119.4 -65.5 144.1 -168.5 -90.0 119.4,
A,M0,4,complete,-220.0,4900.0,1,ok,280.0,0.0,0.0,0.0,531.0,30.8,20.0,axis,64,1,1,1,12,0.0,0.063,141.9 -68.2 158.2 -179.9 -90.0 141.9,
A,M0,4,complete,-200.0,4920.0,1,ok,280.0,0.0,0.0,0.0,531.0,30.8,20.0,axis,65,1,1,1,12,0.0,0.063,145.6 -68.2 158.9 179.4 -90.0 145.6,
A,M0,4,complete,0.0,5120.0,1,ok,280.0,0.0,0.0,0.0,531.0,30.8,30.0,axis,63,1,1,1,12,0.0,0.063,-171.6 -67.8 153.4 -175.6 -90.0 -171.6,
A,M0,4,complete,200.0,5320.0,1,ok,280.0,0.0,0.0,0.0,531.0,30.8,30.0,axis,65,1,1,1,12,0.0,0.063,-141.7 -61.4 132.4 -160.9 -90.0 -141.7,
A,M0,4,complete,400.0,5520.0,1,ok,280.0,0.0,0.0,0.0,531.0,30.8,40.0,axis,71,1,1,1,12,0.0,0.063,-126.1 -49.1 103.5 -144.4 -90.0 -126.1,
A,M0,4,complete,480.0,5600.0,1,ok,280.0,0.0,0.0,0.0,531.0,30.8,40.0,axis,69,1,1,1,12,0.0,0.063,-122.1 -42.7 89.5 -136.8 -90.0 -122.1,
A,M0,4,complete,600.0,5720.0,1,ok,280.0,0.0,0.0,0.0,531.0,30.8,40.0,axis,62,1,1,1,12,0.0,0.063,-117.4 -30.7 63.9 -123.1 -90.0 -117.4,
A,M0,4,complete,800.0,5920.0,1,ok,280.0,0.0,0.0,90.0,405.8,22.8,10.0,axis,43,1,1,1,12,0.0,0.064,-124.5 -11.3 23.1 -101.8 -90.0 -34.5,
A,M0,4,complete,1000.0,6120.0,1,ok,280.0,0.0,0.0,180.0,531.0,30.8,20.0,axis,18,1,1,1,12,0.0,0.063,-114.4 -14.6 30.0 -105.4 -90.0 65.6,
A,M0,4,complete,1180.0,6300.0,1,ok,360.0,20.0,0.0,180.0,626.8,45.6,5.0,axis,4,1,1,1,12,0.0,0.264,-114.0 -4.5 13.7 -117.6 -82.0 67.3,
A,M0,4,complete,1200.0,6320.0,1,ok,360.0,40.0,0.0,180.0,612.3,42.9,40.0,axis,2,1,1,1,12,0.0,0.018,-117.0 -8.2 47.5 -166.1 -73.0 68.6,
C1,M0,0,empty,-1200.0,-280.0,0,no IK,,,,,,,,,0,0,0,0,,,,,
C1,M0,0,empty,-1000.0,-80.0,1,ok,280.0,20.0,0.0,180.0,505.3,27.7,5.0,vertical,9,1,1,1,12,0.0,0.026,75.7 6.9 35.9 137.2 -5.7 -180.0,
C1,M0,0,empty,-920.0,0.0,1,ok,280.0,0.0,0.0,180.0,531.0,30.8,30.0,vertical,10,1,1,1,12,0.0,0.063,71.2 -5.7 31.4 -25.7 -18.8 0.0,
C1,M0,0,empty,-800.0,120.0,1,ok,280.0,0.0,0.0,180.0,531.0,30.8,40.0,axis,26,1,1,1,12,0.0,0.063,67.9 -22.3 70.0 -47.6 -22.1 0.0,
C1,M0,0,empty,-600.0,320.0,1,ok,280.0,0.0,0.0,0.0,531.0,30.8,40.0,axis,47,1,1,1,12,0.0,0.063,70.8 -9.7 40.3 -30.6 -19.2 -180.0,
C1,M0,0,empty,-400.0,520.0,1,ok,280.0,0.0,0.0,0.0,531.0,30.8,40.0,axis,62,1,1,1,12,0.0,0.063,64.0 -30.2 91.0 -60.8 -26.0 -180.0,
C1,M0,0,empty,-220.0,700.0,1,ok,280.0,40.0,180.0,0.0,480.4,25.0,5.0,axis,61,61,8,3,12,0.00094,0.005,84.3 -27.4 83.0 -55.6 -45.7 -180.0,
C1,M0,0,empty,-200.0,720.0,0,"occluded, no free approach",,,,,,,,,59,59,6,3,,,,,
C1,M0,0,empty,0.0,920.0,0,"collision (ARES/gripper 58, ARES/arm 51)",,,,,,,,,58,58,0,0,,,,,
C1,M0,0,empty,200.0,1120.0,0,"no free approach, occluded",,,,,,,,,56,56,6,3,,,,,
C1,M0,0,empty,400.0,1320.0,1,ok,280.0,0.0,0.0,180.0,531.0,30.8,30.0,axis,56,3,1,1,12,0.0,0.063,-86.2 -30.2 91.0 -60.8 -176.2 0.0,
C1,M0,0,empty,480.0,1400.0,1,ok,280.0,0.0,0.0,180.0,531.0,30.8,30.0,axis,53,3,1,1,12,0.0,0.063,-86.7 -24.2 74.6 -50.4 -176.7 0.0,
C1,M0,0,empty,600.0,1520.0,1,ok,280.0,0.0,0.0,0.0,531.0,30.8,30.0,axis,46,1,1,1,12,0.0,0.063,-85.4 -35.5 108.5 -73.0 -175.4 -180.0,
C1,M0,0,empty,800.0,1720.0,1,ok,280.0,0.0,0.0,0.0,531.0,30.8,30.0,axis,25,1,1,1,12,0.0,0.063,-86.8 -22.3 70.0 -47.6 -176.8 -180.0,
C1,M0,0,empty,1000.0,1920.0,1,ok,280.0,20.0,90.0,0.0,542.0,30.2,40.0,axis,10,1,1,1,12,0.0,0.036,-89.2 -14.9 42.9 -115.9 -160.0 92.2,
C1,M0,0,empty,1180.0,2100.0,0,no IK,,,,,,,,,0,0,0,0,,,,,
C1,M0,0,empty,1200.0,2120.0,0,no IK,,,,,,,,,0,0,0,0,,,,,
C1,M0,1,arrival,-1200.0,-280.0,0,no IK,,,,,,,,,0,0,0,0,,,,,
C1,M0,1,arrival,-1000.0,-80.0,1,ok,280.0,20.0,0.0,180.0,505.3,27.7,5.0,vertical,9,1,1,1,12,0.0,0.026,75.7 6.9 35.9 137.2 -5.7 -180.0,complete
C1,M0,1,arrival,-920.0,0.0,1,ok,280.0,0.0,0.0,180.0,531.0,30.8,30.0,vertical,10,1,1,1,12,0.0,0.063,71.2 -5.7 31.4 -25.7 -18.8 0.0,complete
C1,M0,1,arrival,-800.0,120.0,1,ok,280.0,0.0,0.0,180.0,531.0,30.8,40.0,axis,26,1,1,1,12,0.0,0.063,67.9 -22.3 70.0 -47.6 -22.1 0.0,complete
C1,M0,1,arrival,-600.0,320.0,1,ok,280.0,0.0,0.0,0.0,531.0,30.8,40.0,axis,47,1,1,1,12,0.0,0.063,70.8 -9.7 40.3 -30.6 -19.2 -180.0,complete
C1,M0,1,arrival,-400.0,520.0,1,ok,280.0,0.0,0.0,0.0,531.0,30.8,40.0,axis,62,1,1,1,12,0.0,0.063,64.0 -30.2 91.0 -60.8 -26.0 -180.0,complete
C1,M0,1,arrival,-220.0,700.0,1,ok,280.0,40.0,180.0,0.0,480.4,25.0,5.0,axis,61,61,8,3,12,0.00094,0.005,84.3 -27.4 83.0 -55.6 -45.7 -180.0,complete
C1,M0,1,arrival,-200.0,720.0,0,"occluded, no free approach",,,,,,,,,59,59,6,3,,,,,
C1,M0,1,arrival,0.0,920.0,0,"collision (ARES/gripper 58, ARES/arm 51)",,,,,,,,,58,58,0,0,,,,,
C1,M0,1,arrival,200.0,1120.0,0,"no free approach, occluded",,,,,,,,,56,56,6,3,,,,,
C1,M0,1,arrival,400.0,1320.0,1,ok,280.0,0.0,0.0,180.0,531.0,30.8,30.0,axis,56,3,1,1,12,0.0,0.063,-86.2 -30.2 91.0 -60.8 -176.2 0.0,complete
C1,M0,1,arrival,480.0,1400.0,1,ok,280.0,0.0,0.0,180.0,531.0,30.8,30.0,axis,53,3,1,1,12,0.0,0.063,-86.7 -24.2 74.6 -50.4 -176.7 0.0,complete
C1,M0,1,arrival,600.0,1520.0,1,ok,280.0,0.0,0.0,0.0,531.0,30.8,30.0,axis,46,1,1,1,12,0.0,0.063,-85.4 -35.5 108.5 -73.0 -175.4 -180.0,complete
C1,M0,1,arrival,800.0,1720.0,1,ok,280.0,0.0,0.0,0.0,531.0,30.8,30.0,axis,25,1,1,1,12,0.0,0.063,-86.8 -22.3 70.0 -47.6 -176.8 -180.0,complete
C1,M0,1,arrival,1000.0,1920.0,1,ok,280.0,20.0,90.0,0.0,542.0,30.2,40.0,axis,10,1,1,1,12,0.0,0.036,-89.2 -14.9 42.9 -115.9 -160.0 92.2,complete
C1,M0,1,arrival,1180.0,2100.0,0,no IK,,,,,,,,,0,0,0,0,,,,,
C1,M0,1,arrival,1200.0,2120.0,0,no IK,,,,,,,,,0,0,0,0,,,,,
C1,M0,1,course0,-1200.0,-280.0,0,no IK,,,,,,,,,0,0,0,0,,,,,
C1,M0,1,course0,-1000.0,-80.0,1,ok,280.0,20.0,0.0,180.0,505.3,27.7,5.0,vertical,9,1,1,1,12,0.0,0.026,75.7 6.9 35.9 137.2 -5.7 -180.0,complete
C1,M0,1,course0,-920.0,0.0,1,ok,280.0,0.0,0.0,180.0,531.0,30.8,30.0,vertical,10,1,1,1,12,0.0,0.063,71.2 -5.7 31.4 -25.7 -18.8 0.0,complete
C1,M0,1,course0,-800.0,120.0,1,ok,280.0,0.0,0.0,180.0,531.0,30.8,40.0,axis,26,1,1,1,12,0.0,0.063,67.9 -22.3 70.0 -47.6 -22.1 0.0,complete
C1,M0,1,course0,-600.0,320.0,1,ok,280.0,0.0,0.0,0.0,531.0,30.8,40.0,axis,47,1,1,1,12,0.0,0.063,70.8 -9.7 40.3 -30.6 -19.2 -180.0,complete
C1,M0,1,course0,-400.0,520.0,1,ok,280.0,0.0,0.0,0.0,531.0,30.8,40.0,axis,62,1,1,1,12,0.0,0.063,64.0 -30.2 91.0 -60.8 -26.0 -180.0,complete
C1,M0,1,course0,-220.0,700.0,1,ok,280.0,40.0,180.0,0.0,480.4,25.0,5.0,axis,61,61,8,3,12,0.00094,0.005,84.3 -27.4 83.0 -55.6 -45.7 -180.0,complete
C1,M0,1,course0,-200.0,720.0,0,"occluded, no free approach",,,,,,,,,59,59,6,3,,,,,
C1,M0,1,course0,0.0,920.0,0,"collision (ARES/gripper 58, ARES/arm 51)",,,,,,,,,58,58,0,0,,,,,
C1,M0,1,course0,200.0,1120.0,0,"no free approach, occluded",,,,,,,,,56,56,6,3,,,,,
C1,M0,1,course0,400.0,1320.0,1,ok,280.0,0.0,0.0,180.0,531.0,30.8,30.0,axis,56,3,1,1,12,0.0,0.063,-86.2 -30.2 91.0 -60.8 -176.2 0.0,complete
C1,M0,1,course0,480.0,1400.0,1,ok,280.0,0.0,0.0,180.0,531.0,30.8,30.0,axis,53,3,1,1,12,0.0,0.063,-86.7 -24.2 74.6 -50.4 -176.7 0.0,complete
C1,M0,1,course0,600.0,1520.0,1,ok,280.0,0.0,0.0,0.0,531.0,30.8,30.0,axis,46,1,1,1,12,0.0,0.063,-85.4 -35.5 108.5 -73.0 -175.4 -180.0,complete
C1,M0,1,course0,800.0,1720.0,1,ok,280.0,0.0,0.0,0.0,531.0,30.8,30.0,axis,25,1,1,1,12,0.0,0.063,-86.8 -22.3 70.0 -47.6 -176.8 -180.0,complete
C1,M0,1,course0,1000.0,1920.0,1,ok,280.0,20.0,90.0,0.0,542.0,30.2,40.0,axis,10,1,1,1,12,0.0,0.036,-89.2 -14.9 42.9 -115.9 -160.0 92.2,complete
C1,M0,1,course0,1180.0,2100.0,0,no IK,,,,,,,,,0,0,0,0,,,,,
C1,M0,1,course0,1200.0,2120.0,0,no IK,,,,,,,,,0,0,0,0,,,,,
C1,M0,1,complete,-1200.0,-280.0,0,no IK,,,,,,,,,0,0,0,0,,,,,
C1,M0,1,complete,-1000.0,-80.0,1,ok,280.0,20.0,0.0,180.0,505.3,27.7,5.0,vertical,9,1,1,1,12,0.0,0.026,75.7 6.9 35.9 137.2 -5.7 -180.0,
C1,M0,1,complete,-920.0,0.0,1,ok,280.0,0.0,0.0,180.0,531.0,30.8,30.0,vertical,10,1,1,1,12,0.0,0.063,71.2 -5.7 31.4 -25.7 -18.8 0.0,
C1,M0,1,complete,-800.0,120.0,1,ok,280.0,0.0,0.0,180.0,531.0,30.8,40.0,axis,26,1,1,1,12,0.0,0.063,67.9 -22.3 70.0 -47.6 -22.1 0.0,
C1,M0,1,complete,-600.0,320.0,1,ok,280.0,0.0,0.0,0.0,531.0,30.8,40.0,axis,47,1,1,1,12,0.0,0.063,70.8 -9.7 40.3 -30.6 -19.2 -180.0,
C1,M0,1,complete,-400.0,520.0,1,ok,280.0,0.0,0.0,0.0,531.0,30.8,40.0,axis,62,1,1,1,12,0.0,0.063,64.0 -30.2 91.0 -60.8 -26.0 -180.0,
C1,M0,1,complete,-220.0,700.0,1,ok,280.0,40.0,180.0,0.0,480.4,25.0,5.0,axis,61,61,8,3,12,0.00094,0.005,84.3 -27.4 83.0 -55.6 -45.7 -180.0,
C1,M0,1,complete,-200.0,720.0,0,"occluded, no free approach",,,,,,,,,59,59,6,3,,,,,
C1,M0,1,complete,0.0,920.0,0,"collision (ARES/gripper 58, ARES/arm 51)",,,,,,,,,58,58,0,0,,,,,
C1,M0,1,complete,200.0,1120.0,0,"no free approach, occluded",,,,,,,,,56,56,6,3,,,,,
C1,M0,1,complete,400.0,1320.0,1,ok,280.0,0.0,0.0,180.0,531.0,30.8,30.0,axis,56,3,1,1,12,0.0,0.063,-86.2 -30.2 91.0 -60.8 -176.2 0.0,
C1,M0,1,complete,480.0,1400.0,1,ok,280.0,0.0,0.0,180.0,531.0,30.8,30.0,axis,53,3,1,1,12,0.0,0.063,-86.7 -24.2 74.6 -50.4 -176.7 0.0,
C1,M0,1,complete,600.0,1520.0,1,ok,280.0,0.0,0.0,0.0,531.0,30.8,30.0,axis,46,1,1,1,12,0.0,0.063,-85.4 -35.5 108.5 -73.0 -175.4 -180.0,
C1,M0,1,complete,800.0,1720.0,1,ok,280.0,0.0,0.0,0.0,531.0,30.8,30.0,axis,25,1,1,1,12,0.0,0.063,-86.8 -22.3 70.0 -47.6 -176.8 -180.0,
C1,M0,1,complete,1000.0,1920.0,1,ok,280.0,20.0,90.0,0.0,542.0,30.2,40.0,axis,10,1,1,1,12,0.0,0.036,-89.2 -14.9 42.9 -115.9 -160.0 92.2,
C1,M0,1,complete,1180.0,2100.0,0,no IK,,,,,,,,,0,0,0,0,,,,,
C1,M0,1,complete,1200.0,2120.0,0,no IK,,,,,,,,,0,0,0,0,,,,,
C1,M0,2,arrival,-1200.0,1120.0,0,no IK,,,,,,,,,0,0,0,0,,,,,
C1,M0,2,arrival,-1000.0,1320.0,1,ok,280.0,20.0,0.0,180.0,505.3,27.7,5.0,vertical,9,1,1,1,12,0.0,0.026,75.7 6.9 35.9 137.2 -5.7 -180.0,complete
C1,M0,2,arrival,-920.0,1400.0,1,ok,280.0,0.0,0.0,180.0,531.0,30.8,30.0,vertical,10,1,1,1,12,0.0,0.063,71.2 -5.7 31.4 -25.7 -18.8 0.0,complete
C1,M0,2,arrival,-800.0,1520.0,1,ok,280.0,0.0,0.0,180.0,531.0,30.8,40.0,axis,26,1,1,1,12,0.0,0.063,67.9 -22.3 70.0 -47.6 -22.1 0.0,complete
C1,M0,2,arrival,-600.0,1720.0,1,ok,280.0,0.0,0.0,0.0,531.0,30.8,40.0,axis,47,1,1,1,12,0.0,0.063,70.8 -9.7 40.3 -30.6 -19.2 -180.0,complete
C1,M0,2,arrival,-400.0,1920.0,1,ok,280.0,0.0,0.0,0.0,531.0,30.8,40.0,axis,62,1,1,1,12,0.0,0.063,64.0 -30.2 91.0 -60.8 -26.0 -180.0,complete
C1,M0,2,arrival,-220.0,2100.0,1,ok,280.0,40.0,180.0,0.0,480.4,25.0,5.0,axis,61,61,8,3,12,0.00094,0.005,84.3 -27.4 83.0 -55.6 -45.7 -180.0,complete
C1,M0,2,arrival,-200.0,2120.0,0,"occluded, no free approach",,,,,,,,,59,59,6,3,,,,,
C1,M0,2,arrival,0.0,2320.0,0,"collision (ARES/gripper 58, ARES/arm 51)",,,,,,,,,58,58,0,0,,,,,
C1,M0,2,arrival,200.0,2520.0,0,"no free approach, occluded",,,,,,,,,56,56,6,3,,,,,
C1,M0,2,arrival,400.0,2720.0,1,ok,280.0,0.0,0.0,180.0,531.0,30.8,30.0,axis,56,3,1,1,12,0.0,0.063,-86.2 -30.2 91.0 -60.8 -176.2 0.0,complete
C1,M0,2,arrival,480.0,2800.0,1,ok,280.0,0.0,0.0,180.0,531.0,30.8,30.0,axis,53,3,1,1,12,0.0,0.063,-86.7 -24.2 74.6 -50.4 -176.7 0.0,complete
C1,M0,2,arrival,600.0,2920.0,1,ok,280.0,0.0,0.0,0.0,531.0,30.8,30.0,axis,46,1,1,1,12,0.0,0.063,-85.4 -35.5 108.5 -73.0 -175.4 -180.0,complete
C1,M0,2,arrival,800.0,3120.0,1,ok,280.0,0.0,0.0,0.0,531.0,30.8,30.0,axis,25,1,1,1,12,0.0,0.063,-86.8 -22.3 70.0 -47.6 -176.8 -180.0,complete
C1,M0,2,arrival,1000.0,3320.0,1,ok,280.0,20.0,90.0,0.0,542.0,30.2,40.0,axis,10,1,1,1,12,0.0,0.036,-89.2 -14.9 42.9 -115.9 -160.0 92.2,complete
C1,M0,2,arrival,1180.0,3500.0,0,no IK,,,,,,,,,0,0,0,0,,,,,
C1,M0,2,arrival,1200.0,3520.0,0,no IK,,,,,,,,,0,0,0,0,,,,,
C1,M0,2,course0,-1200.0,1120.0,0,no IK,,,,,,,,,0,0,0,0,,,,,
C1,M0,2,course0,-1000.0,1320.0,1,ok,280.0,20.0,0.0,180.0,505.3,27.7,5.0,vertical,9,1,1,1,12,0.0,0.026,75.7 6.9 35.9 137.2 -5.7 -180.0,complete
C1,M0,2,course0,-920.0,1400.0,1,ok,280.0,0.0,0.0,180.0,531.0,30.8,30.0,vertical,10,1,1,1,12,0.0,0.063,71.2 -5.7 31.4 -25.7 -18.8 0.0,complete
C1,M0,2,course0,-800.0,1520.0,1,ok,280.0,0.0,0.0,180.0,531.0,30.8,40.0,axis,26,1,1,1,12,0.0,0.063,67.9 -22.3 70.0 -47.6 -22.1 0.0,complete
C1,M0,2,course0,-600.0,1720.0,1,ok,280.0,0.0,0.0,0.0,531.0,30.8,40.0,axis,47,1,1,1,12,0.0,0.063,70.8 -9.7 40.3 -30.6 -19.2 -180.0,complete
C1,M0,2,course0,-400.0,1920.0,1,ok,280.0,0.0,0.0,0.0,531.0,30.8,40.0,axis,62,1,1,1,12,0.0,0.063,64.0 -30.2 91.0 -60.8 -26.0 -180.0,complete
C1,M0,2,course0,-220.0,2100.0,1,ok,280.0,40.0,180.0,0.0,480.4,25.0,5.0,axis,61,61,8,3,12,0.00094,0.005,84.3 -27.4 83.0 -55.6 -45.7 -180.0,complete
C1,M0,2,course0,-200.0,2120.0,0,"occluded, no free approach",,,,,,,,,59,59,6,3,,,,,
C1,M0,2,course0,0.0,2320.0,0,"collision (ARES/gripper 58, ARES/arm 51)",,,,,,,,,58,58,0,0,,,,,
C1,M0,2,course0,200.0,2520.0,0,"no free approach, occluded",,,,,,,,,56,56,6,3,,,,,
C1,M0,2,course0,400.0,2720.0,1,ok,280.0,0.0,0.0,180.0,531.0,30.8,30.0,axis,56,3,1,1,12,0.0,0.063,-86.2 -30.2 91.0 -60.8 -176.2 0.0,complete
C1,M0,2,course0,480.0,2800.0,1,ok,280.0,0.0,0.0,180.0,531.0,30.8,30.0,axis,53,3,1,1,12,0.0,0.063,-86.7 -24.2 74.6 -50.4 -176.7 0.0,complete
C1,M0,2,course0,600.0,2920.0,1,ok,280.0,0.0,0.0,0.0,531.0,30.8,30.0,axis,46,1,1,1,12,0.0,0.063,-85.4 -35.5 108.5 -73.0 -175.4 -180.0,complete
C1,M0,2,course0,800.0,3120.0,1,ok,280.0,0.0,0.0,0.0,531.0,30.8,30.0,axis,25,1,1,1,12,0.0,0.063,-86.8 -22.3 70.0 -47.6 -176.8 -180.0,complete
C1,M0,2,course0,1000.0,3320.0,1,ok,280.0,20.0,90.0,0.0,542.0,30.2,40.0,axis,10,1,1,1,12,0.0,0.036,-89.2 -14.9 42.9 -115.9 -160.0 92.2,complete
C1,M0,2,course0,1180.0,3500.0,0,no IK,,,,,,,,,0,0,0,0,,,,,
C1,M0,2,course0,1200.0,3520.0,0,no IK,,,,,,,,,0,0,0,0,,,,,
C1,M0,2,complete,-1200.0,1120.0,0,no IK,,,,,,,,,0,0,0,0,,,,,
C1,M0,2,complete,-1000.0,1320.0,1,ok,280.0,20.0,0.0,180.0,505.3,27.7,5.0,vertical,9,1,1,1,12,0.0,0.026,75.7 6.9 35.9 137.2 -5.7 -180.0,
C1,M0,2,complete,-920.0,1400.0,1,ok,280.0,0.0,0.0,180.0,531.0,30.8,30.0,vertical,10,1,1,1,12,0.0,0.063,71.2 -5.7 31.4 -25.7 -18.8 0.0,
C1,M0,2,complete,-800.0,1520.0,1,ok,280.0,0.0,0.0,180.0,531.0,30.8,40.0,axis,26,1,1,1,12,0.0,0.063,67.9 -22.3 70.0 -47.6 -22.1 0.0,
C1,M0,2,complete,-600.0,1720.0,1,ok,280.0,0.0,0.0,0.0,531.0,30.8,40.0,axis,47,1,1,1,12,0.0,0.063,70.8 -9.7 40.3 -30.6 -19.2 -180.0,
C1,M0,2,complete,-400.0,1920.0,1,ok,280.0,0.0,0.0,0.0,531.0,30.8,40.0,axis,62,1,1,1,12,0.0,0.063,64.0 -30.2 91.0 -60.8 -26.0 -180.0,
C1,M0,2,complete,-220.0,2100.0,1,ok,280.0,40.0,180.0,0.0,480.4,25.0,5.0,axis,61,61,8,3,12,0.00094,0.005,84.3 -27.4 83.0 -55.6 -45.7 -180.0,
C1,M0,2,complete,-200.0,2120.0,0,"occluded, no free approach",,,,,,,,,59,59,6,3,,,,,
C1,M0,2,complete,0.0,2320.0,0,"collision (ARES/gripper 58, ARES/arm 51)",,,,,,,,,58,58,0,0,,,,,
C1,M0,2,complete,200.0,2520.0,0,"no free approach, occluded",,,,,,,,,56,56,6,3,,,,,
C1,M0,2,complete,400.0,2720.0,1,ok,280.0,0.0,0.0,180.0,531.0,30.8,30.0,axis,56,3,1,1,12,0.0,0.063,-86.2 -30.2 91.0 -60.8 -176.2 0.0,
C1,M0,2,complete,480.0,2800.0,1,ok,280.0,0.0,0.0,180.0,531.0,30.8,30.0,axis,53,3,1,1,12,0.0,0.063,-86.7 -24.2 74.6 -50.4 -176.7 0.0,
C1,M0,2,complete,600.0,2920.0,1,ok,280.0,0.0,0.0,0.0,531.0,30.8,30.0,axis,46,1,1,1,12,0.0,0.063,-85.4 -35.5 108.5 -73.0 -175.4 -180.0,
C1,M0,2,complete,800.0,3120.0,1,ok,280.0,0.0,0.0,0.0,531.0,30.8,30.0,axis,25,1,1,1,12,0.0,0.063,-86.8 -22.3 70.0 -47.6 -176.8 -180.0,
C1,M0,2,complete,1000.0,3320.0,1,ok,280.0,20.0,90.0,0.0,542.0,30.2,40.0,axis,10,1,1,1,12,0.0,0.036,-89.2 -14.9 42.9 -115.9 -160.0 92.2,
C1,M0,2,complete,1180.0,3500.0,0,no IK,,,,,,,,,0,0,0,0,,,,,
C1,M0,2,complete,1200.0,3520.0,0,no IK,,,,,,,,,0,0,0,0,,,,,
C1,M0,3,arrival,-1200.0,2520.0,0,no IK,,,,,,,,,0,0,0,0,,,,,
C1,M0,3,arrival,-1000.0,2720.0,1,ok,280.0,20.0,0.0,180.0,505.3,27.7,5.0,vertical,9,1,1,1,12,0.0,0.026,75.7 6.9 35.9 137.2 -5.7 -180.0,complete
C1,M0,3,arrival,-920.0,2800.0,1,ok,280.0,0.0,0.0,180.0,531.0,30.8,30.0,vertical,10,1,1,1,12,0.0,0.063,71.2 -5.7 31.4 -25.7 -18.8 0.0,complete
C1,M0,3,arrival,-800.0,2920.0,1,ok,280.0,0.0,0.0,180.0,531.0,30.8,40.0,axis,26,1,1,1,12,0.0,0.063,67.9 -22.3 70.0 -47.6 -22.1 0.0,complete
C1,M0,3,arrival,-600.0,3120.0,1,ok,280.0,0.0,0.0,0.0,531.0,30.8,40.0,axis,47,1,1,1,12,0.0,0.063,70.8 -9.7 40.3 -30.6 -19.2 -180.0,complete
C1,M0,3,arrival,-400.0,3320.0,1,ok,280.0,0.0,0.0,0.0,531.0,30.8,40.0,axis,62,1,1,1,12,0.0,0.063,64.0 -30.2 91.0 -60.8 -26.0 -180.0,complete
C1,M0,3,arrival,-220.0,3500.0,1,ok,280.0,40.0,180.0,0.0,480.4,25.0,5.0,axis,61,61,8,3,12,0.00094,0.005,84.3 -27.4 83.0 -55.6 -45.7 -180.0,complete
C1,M0,3,arrival,-200.0,3520.0,0,"occluded, no free approach",,,,,,,,,59,59,6,3,,,,,
C1,M0,3,arrival,0.0,3720.0,0,"collision (ARES/gripper 58, ARES/arm 51)",,,,,,,,,58,58,0,0,,,,,
C1,M0,3,arrival,200.0,3920.0,0,"no free approach, occluded",,,,,,,,,56,56,6,3,,,,,
C1,M0,3,arrival,400.0,4120.0,1,ok,280.0,0.0,0.0,180.0,531.0,30.8,30.0,axis,56,3,1,1,12,0.0,0.063,-86.2 -30.2 91.0 -60.8 -176.2 0.0,complete
C1,M0,3,arrival,480.0,4200.0,1,ok,280.0,0.0,0.0,180.0,531.0,30.8,30.0,axis,53,3,1,1,12,0.0,0.063,-86.7 -24.2 74.6 -50.4 -176.7 0.0,complete
C1,M0,3,arrival,600.0,4320.0,1,ok,280.0,0.0,0.0,0.0,531.0,30.8,30.0,axis,46,1,1,1,12,0.0,0.063,-85.4 -35.5 108.5 -73.0 -175.4 -180.0,complete
C1,M0,3,arrival,800.0,4520.0,1,ok,280.0,0.0,0.0,0.0,531.0,30.8,30.0,axis,25,1,1,1,12,0.0,0.063,-86.8 -22.3 70.0 -47.6 -176.8 -180.0,complete
C1,M0,3,arrival,1000.0,4720.0,1,ok,280.0,20.0,90.0,0.0,542.0,30.2,40.0,axis,10,1,1,1,12,0.0,0.036,-89.2 -14.9 42.9 -115.9 -160.0 92.2,complete
C1,M0,3,arrival,1180.0,4900.0,0,no IK,,,,,,,,,0,0,0,0,,,,,
C1,M0,3,arrival,1200.0,4920.0,0,no IK,,,,,,,,,0,0,0,0,,,,,
C1,M0,3,course0,-1200.0,2520.0,0,no IK,,,,,,,,,0,0,0,0,,,,,
C1,M0,3,course0,-1000.0,2720.0,1,ok,280.0,20.0,0.0,180.0,505.3,27.7,5.0,vertical,9,1,1,1,12,0.0,0.026,75.7 6.9 35.9 137.2 -5.7 -180.0,complete
C1,M0,3,course0,-920.0,2800.0,1,ok,280.0,0.0,0.0,180.0,531.0,30.8,30.0,vertical,10,1,1,1,12,0.0,0.063,71.2 -5.7 31.4 -25.7 -18.8 0.0,complete
C1,M0,3,course0,-800.0,2920.0,1,ok,280.0,0.0,0.0,180.0,531.0,30.8,40.0,axis,26,1,1,1,12,0.0,0.063,67.9 -22.3 70.0 -47.6 -22.1 0.0,complete
C1,M0,3,course0,-600.0,3120.0,1,ok,280.0,0.0,0.0,0.0,531.0,30.8,40.0,axis,47,1,1,1,12,0.0,0.063,70.8 -9.7 40.3 -30.6 -19.2 -180.0,complete
C1,M0,3,course0,-400.0,3320.0,1,ok,280.0,0.0,0.0,0.0,531.0,30.8,40.0,axis,62,1,1,1,12,0.0,0.063,64.0 -30.2 91.0 -60.8 -26.0 -180.0,complete
C1,M0,3,course0,-220.0,3500.0,1,ok,280.0,40.0,180.0,0.0,480.4,25.0,5.0,axis,61,61,8,3,12,0.00094,0.005,84.3 -27.4 83.0 -55.6 -45.7 -180.0,complete
C1,M0,3,course0,-200.0,3520.0,0,"occluded, no free approach",,,,,,,,,59,59,6,3,,,,,
C1,M0,3,course0,0.0,3720.0,0,"collision (ARES/gripper 58, ARES/arm 51)",,,,,,,,,58,58,0,0,,,,,
C1,M0,3,course0,200.0,3920.0,0,"no free approach, occluded",,,,,,,,,56,56,6,3,,,,,
C1,M0,3,course0,400.0,4120.0,1,ok,280.0,0.0,0.0,180.0,531.0,30.8,30.0,axis,56,3,1,1,12,0.0,0.063,-86.2 -30.2 91.0 -60.8 -176.2 0.0,complete
C1,M0,3,course0,480.0,4200.0,1,ok,280.0,0.0,0.0,180.0,531.0,30.8,30.0,axis,53,3,1,1,12,0.0,0.063,-86.7 -24.2 74.6 -50.4 -176.7 0.0,complete
C1,M0,3,course0,600.0,4320.0,1,ok,280.0,0.0,0.0,0.0,531.0,30.8,30.0,axis,46,1,1,1,12,0.0,0.063,-85.4 -35.5 108.5 -73.0 -175.4 -180.0,complete
C1,M0,3,course0,800.0,4520.0,1,ok,280.0,0.0,0.0,0.0,531.0,30.8,30.0,axis,25,1,1,1,12,0.0,0.063,-86.8 -22.3 70.0 -47.6 -176.8 -180.0,complete
C1,M0,3,course0,1000.0,4720.0,1,ok,280.0,20.0,90.0,0.0,542.0,30.2,40.0,axis,10,1,1,1,12,0.0,0.036,-89.2 -14.9 42.9 -115.9 -160.0 92.2,complete
C1,M0,3,course0,1180.0,4900.0,0,no IK,,,,,,,,,0,0,0,0,,,,,
C1,M0,3,course0,1200.0,4920.0,0,no IK,,,,,,,,,0,0,0,0,,,,,
C1,M0,3,complete,-1200.0,2520.0,0,no IK,,,,,,,,,0,0,0,0,,,,,
C1,M0,3,complete,-1000.0,2720.0,1,ok,280.0,20.0,0.0,180.0,505.3,27.7,5.0,vertical,9,1,1,1,12,0.0,0.026,75.7 6.9 35.9 137.2 -5.7 -180.0,
C1,M0,3,complete,-920.0,2800.0,1,ok,280.0,0.0,0.0,180.0,531.0,30.8,30.0,vertical,10,1,1,1,12,0.0,0.063,71.2 -5.7 31.4 -25.7 -18.8 0.0,
C1,M0,3,complete,-800.0,2920.0,1,ok,280.0,0.0,0.0,180.0,531.0,30.8,40.0,axis,26,1,1,1,12,0.0,0.063,67.9 -22.3 70.0 -47.6 -22.1 0.0,
C1,M0,3,complete,-600.0,3120.0,1,ok,280.0,0.0,0.0,0.0,531.0,30.8,40.0,axis,47,1,1,1,12,0.0,0.063,70.8 -9.7 40.3 -30.6 -19.2 -180.0,
C1,M0,3,complete,-400.0,3320.0,1,ok,280.0,0.0,0.0,0.0,531.0,30.8,40.0,axis,62,1,1,1,12,0.0,0.063,64.0 -30.2 91.0 -60.8 -26.0 -180.0,
C1,M0,3,complete,-220.0,3500.0,1,ok,280.0,40.0,180.0,0.0,480.4,25.0,5.0,axis,61,61,8,3,12,0.00094,0.005,84.3 -27.4 83.0 -55.6 -45.7 -180.0,
C1,M0,3,complete,-200.0,3520.0,0,"occluded, no free approach",,,,,,,,,59,59,6,3,,,,,
C1,M0,3,complete,0.0,3720.0,0,"collision (ARES/gripper 58, ARES/arm 51)",,,,,,,,,58,58,0,0,,,,,
C1,M0,3,complete,200.0,3920.0,0,"no free approach, occluded",,,,,,,,,56,56,6,3,,,,,
C1,M0,3,complete,400.0,4120.0,1,ok,280.0,0.0,0.0,180.0,531.0,30.8,30.0,axis,56,3,1,1,12,0.0,0.063,-86.2 -30.2 91.0 -60.8 -176.2 0.0,
C1,M0,3,complete,480.0,4200.0,1,ok,280.0,0.0,0.0,180.0,531.0,30.8,30.0,axis,53,3,1,1,12,0.0,0.063,-86.7 -24.2 74.6 -50.4 -176.7 0.0,
C1,M0,3,complete,600.0,4320.0,1,ok,280.0,0.0,0.0,0.0,531.0,30.8,30.0,axis,46,1,1,1,12,0.0,0.063,-85.4 -35.5 108.5 -73.0 -175.4 -180.0,
C1,M0,3,complete,800.0,4520.0,1,ok,280.0,0.0,0.0,0.0,531.0,30.8,30.0,axis,25,1,1,1,12,0.0,0.063,-86.8 -22.3 70.0 -47.6 -176.8 -180.0,
C1,M0,3,complete,1000.0,4720.0,1,ok,280.0,20.0,90.0,0.0,542.0,30.2,40.0,axis,10,1,1,1,12,0.0,0.036,-89.2 -14.9 42.9 -115.9 -160.0 92.2,
C1,M0,3,complete,1180.0,4900.0,0,no IK,,,,,,,,,0,0,0,0,,,,,
C1,M0,3,complete,1200.0,4920.0,0,no IK,,,,,,,,,0,0,0,0,,,,,
C1,M0,4,arrival,-1200.0,3920.0,0,no IK,,,,,,,,,0,0,0,0,,,,,
C1,M0,4,arrival,-1000.0,4120.0,1,ok,280.0,20.0,0.0,180.0,505.3,27.7,5.0,vertical,9,1,1,1,12,0.0,0.026,75.7 6.9 35.9 137.2 -5.7 -180.0,complete
C1,M0,4,arrival,-920.0,4200.0,1,ok,280.0,0.0,0.0,180.0,531.0,30.8,30.0,vertical,10,1,1,1,12,0.0,0.063,71.2 -5.7 31.4 -25.7 -18.8 0.0,complete
C1,M0,4,arrival,-800.0,4320.0,1,ok,280.0,0.0,0.0,180.0,531.0,30.8,40.0,axis,26,1,1,1,12,0.0,0.063,67.9 -22.3 70.0 -47.6 -22.1 0.0,complete
C1,M0,4,arrival,-600.0,4520.0,1,ok,280.0,0.0,0.0,0.0,531.0,30.8,40.0,axis,47,1,1,1,12,0.0,0.063,70.8 -9.7 40.3 -30.6 -19.2 -180.0,complete
C1,M0,4,arrival,-400.0,4720.0,1,ok,280.0,0.0,0.0,0.0,531.0,30.8,40.0,axis,62,1,1,1,12,0.0,0.063,64.0 -30.2 91.0 -60.8 -26.0 -180.0,complete
C1,M0,4,arrival,-220.0,4900.0,1,ok,280.0,40.0,180.0,0.0,480.4,25.0,5.0,axis,61,61,8,3,12,0.00094,0.005,84.3 -27.4 83.0 -55.6 -45.7 -180.0,complete
C1,M0,4,arrival,-200.0,4920.0,0,"occluded, no free approach",,,,,,,,,59,59,6,3,,,,,
C1,M0,4,arrival,0.0,5120.0,0,"collision (ARES/gripper 58, ARES/arm 51)",,,,,,,,,58,58,0,0,,,,,
C1,M0,4,arrival,200.0,5320.0,0,"no free approach, occluded",,,,,,,,,56,56,6,3,,,,,
C1,M0,4,arrival,400.0,5520.0,1,ok,280.0,0.0,0.0,180.0,531.0,30.8,30.0,axis,56,3,1,1,12,0.0,0.063,-86.2 -30.2 91.0 -60.8 -176.2 0.0,complete
C1,M0,4,arrival,480.0,5600.0,1,ok,280.0,0.0,0.0,180.0,531.0,30.8,30.0,axis,53,3,1,1,12,0.0,0.063,-86.7 -24.2 74.6 -50.4 -176.7 0.0,complete
C1,M0,4,arrival,600.0,5720.0,1,ok,280.0,0.0,0.0,0.0,531.0,30.8,30.0,axis,46,1,1,1,12,0.0,0.063,-85.4 -35.5 108.5 -73.0 -175.4 -180.0,complete
C1,M0,4,arrival,800.0,5920.0,1,ok,280.0,0.0,0.0,0.0,531.0,30.8,30.0,axis,25,1,1,1,12,0.0,0.063,-86.8 -22.3 70.0 -47.6 -176.8 -180.0,complete
C1,M0,4,arrival,1000.0,6120.0,1,ok,280.0,20.0,90.0,0.0,542.0,30.2,40.0,axis,10,1,1,1,12,0.0,0.036,-89.2 -14.9 42.9 -115.9 -160.0 92.2,complete
C1,M0,4,arrival,1180.0,6300.0,0,no IK,,,,,,,,,0,0,0,0,,,,,
C1,M0,4,arrival,1200.0,6320.0,0,no IK,,,,,,,,,0,0,0,0,,,,,
C1,M0,4,course0,-1200.0,3920.0,0,no IK,,,,,,,,,0,0,0,0,,,,,
C1,M0,4,course0,-1000.0,4120.0,1,ok,280.0,20.0,0.0,180.0,505.3,27.7,5.0,vertical,9,1,1,1,12,0.0,0.026,75.7 6.9 35.9 137.2 -5.7 -180.0,complete
C1,M0,4,course0,-920.0,4200.0,1,ok,280.0,0.0,0.0,180.0,531.0,30.8,30.0,vertical,10,1,1,1,12,0.0,0.063,71.2 -5.7 31.4 -25.7 -18.8 0.0,complete
C1,M0,4,course0,-800.0,4320.0,1,ok,280.0,0.0,0.0,180.0,531.0,30.8,40.0,axis,26,1,1,1,12,0.0,0.063,67.9 -22.3 70.0 -47.6 -22.1 0.0,complete
C1,M0,4,course0,-600.0,4520.0,1,ok,280.0,0.0,0.0,0.0,531.0,30.8,40.0,axis,47,1,1,1,12,0.0,0.063,70.8 -9.7 40.3 -30.6 -19.2 -180.0,complete
C1,M0,4,course0,-400.0,4720.0,1,ok,280.0,0.0,0.0,0.0,531.0,30.8,40.0,axis,62,1,1,1,12,0.0,0.063,64.0 -30.2 91.0 -60.8 -26.0 -180.0,complete
C1,M0,4,course0,-220.0,4900.0,1,ok,280.0,40.0,180.0,0.0,480.4,25.0,5.0,axis,61,61,8,3,12,0.00094,0.005,84.3 -27.4 83.0 -55.6 -45.7 -180.0,complete
C1,M0,4,course0,-200.0,4920.0,0,"occluded, no free approach",,,,,,,,,59,59,6,3,,,,,
C1,M0,4,course0,0.0,5120.0,0,"collision (ARES/gripper 58, ARES/arm 51)",,,,,,,,,58,58,0,0,,,,,
C1,M0,4,course0,200.0,5320.0,0,"no free approach, occluded",,,,,,,,,56,56,6,3,,,,,
C1,M0,4,course0,400.0,5520.0,1,ok,280.0,0.0,0.0,180.0,531.0,30.8,30.0,axis,56,3,1,1,12,0.0,0.063,-86.2 -30.2 91.0 -60.8 -176.2 0.0,complete
C1,M0,4,course0,480.0,5600.0,1,ok,280.0,0.0,0.0,180.0,531.0,30.8,30.0,axis,53,3,1,1,12,0.0,0.063,-86.7 -24.2 74.6 -50.4 -176.7 0.0,complete
C1,M0,4,course0,600.0,5720.0,1,ok,280.0,0.0,0.0,0.0,531.0,30.8,30.0,axis,46,1,1,1,12,0.0,0.063,-85.4 -35.5 108.5 -73.0 -175.4 -180.0,complete
C1,M0,4,course0,800.0,5920.0,1,ok,280.0,0.0,0.0,0.0,531.0,30.8,30.0,axis,25,1,1,1,12,0.0,0.063,-86.8 -22.3 70.0 -47.6 -176.8 -180.0,complete
C1,M0,4,course0,1000.0,6120.0,1,ok,280.0,20.0,90.0,0.0,542.0,30.2,40.0,axis,10,1,1,1,12,0.0,0.036,-89.2 -14.9 42.9 -115.9 -160.0 92.2,complete
C1,M0,4,course0,1180.0,6300.0,0,no IK,,,,,,,,,0,0,0,0,,,,,
C1,M0,4,course0,1200.0,6320.0,0,no IK,,,,,,,,,0,0,0,0,,,,,
C1,M0,4,complete,-1200.0,3920.0,0,no IK,,,,,,,,,0,0,0,0,,,,,
C1,M0,4,complete,-1000.0,4120.0,1,ok,280.0,20.0,0.0,180.0,505.3,27.7,5.0,vertical,9,1,1,1,12,0.0,0.026,75.7 6.9 35.9 137.2 -5.7 -180.0,
C1,M0,4,complete,-920.0,4200.0,1,ok,280.0,0.0,0.0,180.0,531.0,30.8,30.0,vertical,10,1,1,1,12,0.0,0.063,71.2 -5.7 31.4 -25.7 -18.8 0.0,
C1,M0,4,complete,-800.0,4320.0,1,ok,280.0,0.0,0.0,180.0,531.0,30.8,40.0,axis,26,1,1,1,12,0.0,0.063,67.9 -22.3 70.0 -47.6 -22.1 0.0,
C1,M0,4,complete,-600.0,4520.0,1,ok,280.0,0.0,0.0,0.0,531.0,30.8,40.0,axis,47,1,1,1,12,0.0,0.063,70.8 -9.7 40.3 -30.6 -19.2 -180.0,
C1,M0,4,complete,-400.0,4720.0,1,ok,280.0,0.0,0.0,0.0,531.0,30.8,40.0,axis,62,1,1,1,12,0.0,0.063,64.0 -30.2 91.0 -60.8 -26.0 -180.0,
C1,M0,4,complete,-220.0,4900.0,1,ok,280.0,40.0,180.0,0.0,480.4,25.0,5.0,axis,61,61,8,3,12,0.00094,0.005,84.3 -27.4 83.0 -55.6 -45.7 -180.0,
C1,M0,4,complete,-200.0,4920.0,0,"occluded, no free approach",,,,,,,,,59,59,6,3,,,,,
C1,M0,4,complete,0.0,5120.0,0,"collision (ARES/gripper 58, ARES/arm 51)",,,,,,,,,58,58,0,0,,,,,
C1,M0,4,complete,200.0,5320.0,0,"no free approach, occluded",,,,,,,,,56,56,6,3,,,,,
C1,M0,4,complete,400.0,5520.0,1,ok,280.0,0.0,0.0,180.0,531.0,30.8,30.0,axis,56,3,1,1,12,0.0,0.063,-86.2 -30.2 91.0 -60.8 -176.2 0.0,
C1,M0,4,complete,480.0,5600.0,1,ok,280.0,0.0,0.0,180.0,531.0,30.8,30.0,axis,53,3,1,1,12,0.0,0.063,-86.7 -24.2 74.6 -50.4 -176.7 0.0,
C1,M0,4,complete,600.0,5720.0,1,ok,280.0,0.0,0.0,0.0,531.0,30.8,30.0,axis,46,1,1,1,12,0.0,0.063,-85.4 -35.5 108.5 -73.0 -175.4 -180.0,
C1,M0,4,complete,800.0,5920.0,1,ok,280.0,0.0,0.0,0.0,531.0,30.8,30.0,axis,25,1,1,1,12,0.0,0.063,-86.8 -22.3 70.0 -47.6 -176.8 -180.0,
C1,M0,4,complete,1000.0,6120.0,1,ok,280.0,20.0,90.0,0.0,542.0,30.2,40.0,axis,10,1,1,1,12,0.0,0.036,-89.2 -14.9 42.9 -115.9 -160.0 92.2,
C1,M0,4,complete,1180.0,6300.0,0,no IK,,,,,,,,,0,0,0,0,,,,,
C1,M0,4,complete,1200.0,6320.0,0,no IK,,,,,,,,,0,0,0,0,,,,,
D,M0,0,empty,-1200.0,-280.0,1,ok,360.0,40.0,180.0,0.0,612.3,42.9,20.0,axis,1,1,1,1,12,0.0,0.028,109.5 -1.3 28.7 -155.7 -102.4 105.2,
D,M0,0,empty,-1000.0,-80.0,1,ok,280.0,20.0,90.0,0.0,542.0,30.2,30.0,axis,14,1,1,1,12,0.0,0.036,98.8 -15.5 33.5 -111.2 -70.2 99.3,
D,M0,0,empty,-920.0,0.0,1,ok,280.0,0.0,0.0,0.0,531.0,30.8,40.0,axis,18,1,1,1,12,0.0,0.063,109.4 -22.3 43.0 -110.7 -90.0 109.4,
D,M0,0,empty,-800.0,120.0,1,ok,280.0,0.0,0.0,0.0,531.0,30.8,40.0,axis,37,1,1,1,12,0.0,0.063,112.4 -37.1 73.7 -126.6 -90.0 112.4,
D,M0,0,empty,-600.0,320.0,1,ok,280.0,0.0,0.0,0.0,531.0,30.8,40.0,axis,54,1,1,1,12,0.0,0.063,120.0 -52.9 106.6 -143.8 -90.0 120.0,
D,M0,0,empty,-400.0,520.0,1,ok,280.0,0.0,0.0,0.0,531.0,30.8,40.0,axis,69,1,1,1,12,0.0,0.063,133.4 -63.3 129.0 -155.7 -90.0 133.4,
D,M0,0,empty,-220.0,700.0,1,ok,280.0,0.0,0.0,0.0,531.0,30.8,40.0,axis,70,1,1,1,12,0.0,0.063,153.6 -68.2 139.7 -161.5 -90.0 153.6,
D,M0,0,empty,-200.0,720.0,1,ok,280.0,0.0,0.0,0.0,531.0,30.8,40.0,axis,70,1,1,1,12,0.0,0.063,156.3 -68.4 140.2 -161.8 -90.0 156.3,
D,M0,0,empty,0.0,920.0,1,ok,280.0,0.0,0.0,0.0,531.0,30.8,40.0,axis,67,1,1,1,12,0.0,0.063,-174.1 -66.6 136.3 -159.6 -90.0 -174.1,
D,M0,0,empty,200.0,1120.0,1,ok,280.0,0.0,0.0,0.0,531.0,30.8,40.0,axis,70,1,1,1,12,0.0,0.063,-149.9 -58.7 119.0 -150.3 -90.0 -149.9,
D,M0,0,empty,400.0,1320.0,1,ok,280.0,0.0,0.0,0.0,531.0,30.8,40.0,axis,70,1,1,1,12,0.0,0.063,-134.4 -45.8 91.8 -136.0 -90.0 -134.4,
D,M0,0,empty,480.0,1400.0,1,ok,280.0,0.0,0.0,0.0,531.0,30.8,40.0,axis,64,1,1,1,12,0.0,0.063,-130.0 -39.0 77.7 -128.7 -90.0 -130.0,
D,M0,0,empty,600.0,1520.0,1,ok,280.0,0.0,0.0,0.0,531.0,30.8,40.0,axis,54,1,1,1,12,0.0,0.063,-124.7 -25.4 49.5 -114.1 -90.0 -124.7,
D,M0,0,empty,800.0,1720.0,1,ok,280.0,0.0,0.0,180.0,531.0,30.8,40.0,axis,37,1,1,1,12,0.0,0.063,-129.0 -37.1 73.7 -126.6 -90.0 51.0,
D,M0,0,empty,1000.0,1920.0,1,ok,280.0,20.0,0.0,180.0,505.3,27.7,40.0,axis,14,1,1,1,12,0.0,0.026,-126.1 -20.7 56.9 -142.5 -78.4 55.5,
D,M0,0,empty,1180.0,2100.0,1,ok,360.0,40.0,0.0,180.0,612.3,42.9,40.0,axis,2,1,1,1,12,0.0,0.018,-125.0 -6.5 39.4 -157.4 -68.4 61.8,
D,M0,0,empty,1200.0,2120.0,1,ok,360.0,40.0,0.0,180.0,612.3,42.9,30.0,axis,1,1,1,1,12,0.0,0.018,-124.2 -2.8 31.1 -153.1 -68.8 62.5,
D,M0,1,arrival,-1200.0,-280.0,1,ok,360.0,40.0,180.0,0.0,612.3,42.9,20.0,axis,1,1,1,1,12,0.0,0.028,109.5 -1.3 28.7 -155.7 -102.4 105.2,
D,M0,1,arrival,-1000.0,-80.0,1,ok,280.0,20.0,180.0,270.0,413.4,22.1,20.0,axis,14,3,1,1,12,0.0,0.032,98.4 -11.0 28.2 -127.0 -92.9 7.9,complete
D,M0,1,arrival,-920.0,0.0,1,ok,280.0,0.0,0.0,0.0,531.0,30.8,40.0,axis,18,1,1,1,12,0.0,0.063,109.4 -22.3 43.0 -110.7 -90.0 109.4,
D,M0,1,arrival,-800.0,120.0,1,ok,280.0,0.0,0.0,0.0,531.0,30.8,40.0,axis,37,1,1,1,12,0.0,0.063,112.4 -37.1 73.7 -126.6 -90.0 112.4,
D,M0,1,arrival,-600.0,320.0,1,ok,280.0,0.0,0.0,0.0,531.0,30.8,40.0,axis,54,1,1,1,12,0.0,0.063,120.0 -52.9 106.6 -143.8 -90.0 120.0,
D,M0,1,arrival,-400.0,520.0,1,ok,280.0,0.0,0.0,0.0,531.0,30.8,40.0,axis,69,1,1,1,12,0.0,0.063,133.4 -63.3 129.0 -155.7 -90.0 133.4,
D,M0,1,arrival,-220.0,700.0,1,ok,280.0,0.0,0.0,0.0,531.0,30.8,40.0,axis,70,1,1,1,12,0.0,0.063,153.6 -68.2 139.7 -161.5 -90.0 153.6,
D,M0,1,arrival,-200.0,720.0,1,ok,280.0,0.0,0.0,0.0,531.0,30.8,40.0,axis,70,1,1,1,12,0.0,0.063,156.3 -68.4 140.2 -161.8 -90.0 156.3,
D,M0,1,arrival,0.0,920.0,1,ok,280.0,0.0,0.0,0.0,531.0,30.8,40.0,axis,67,1,1,1,12,0.0,0.063,-174.1 -66.6 136.3 -159.6 -90.0 -174.1,
D,M0,1,arrival,200.0,1120.0,1,ok,280.0,0.0,0.0,0.0,531.0,30.8,40.0,axis,70,1,1,1,12,0.0,0.063,-149.9 -58.7 119.0 -150.3 -90.0 -149.9,
D,M0,1,arrival,400.0,1320.0,1,ok,280.0,0.0,0.0,0.0,531.0,30.8,40.0,axis,70,1,1,1,12,0.0,0.063,-134.4 -45.8 91.8 -136.0 -90.0 -134.4,
D,M0,1,arrival,480.0,1400.0,1,ok,280.0,0.0,0.0,0.0,531.0,30.8,40.0,axis,64,1,1,1,12,0.0,0.063,-130.0 -39.0 77.7 -128.7 -90.0 -130.0,
D,M0,1,arrival,600.0,1520.0,1,ok,280.0,0.0,0.0,0.0,531.0,30.8,40.0,axis,54,1,1,1,12,0.0,0.063,-124.7 -25.4 49.5 -114.1 -90.0 -124.7,
D,M0,1,arrival,800.0,1720.0,1,ok,280.0,0.0,0.0,180.0,531.0,30.8,40.0,axis,37,1,1,1,12,0.0,0.063,-129.0 -37.1 73.7 -126.6 -90.0 51.0,
D,M0,1,arrival,1000.0,1920.0,1,ok,280.0,20.0,0.0,270.0,413.4,22.1,5.0,axis,14,2,1,1,12,0.0,0.028,-112.5 -11.3 28.6 -125.9 -82.5 158.7,complete
D,M0,1,arrival,1180.0,2100.0,1,ok,360.0,40.0,0.0,270.0,630.1,44.3,5.0,vertical,2,2,1,1,12,0.0,0.018,-112.5 -1.7 14.3 -140.4 -75.8 162.4,complete
D,M0,1,arrival,1200.0,2120.0,1,ok,360.0,40.0,0.0,180.0,612.3,42.9,30.0,axis,1,1,1,1,12,0.0,0.018,-124.2 -2.8 31.1 -153.1 -68.8 62.5,
D,M0,1,course0,-1200.0,-280.0,0,collision (gripper/wall 1),,,,,,,,,1,1,0,0,,,,,
D,M0,1,course0,-1000.0,-80.0,1,ok,280.0,20.0,180.0,270.0,413.4,22.1,20.0,axis,14,3,1,1,12,0.0,0.032,98.4 -11.0 28.2 -127.0 -92.9 7.9,complete
D,M0,1,course0,-920.0,0.0,0,covered by stone c0 u=100,,,,,,,,,18,0,0,0,,,,,
D,M0,1,course0,-800.0,120.0,0,covered by stone c0 u=100,,,,,,,,,37,0,0,0,,,,,
D,M0,1,course0,-600.0,320.0,0,covered by stone c0 u=300,,,,,,,,,54,0,0,0,,,,,
D,M0,1,course0,-400.0,520.0,0,covered by stone c0 u=500,,,,,,,,,69,0,0,0,,,,,
D,M0,1,course0,-220.0,700.0,0,covered by stone c0 u=700,,,,,,,,,70,0,0,0,,,,,
D,M0,1,course0,-200.0,720.0,0,covered by stone c0 u=700,,,,,,,,,70,0,0,0,,,,,
D,M0,1,course0,0.0,920.0,0,covered by stone c0 u=900,,,,,,,,,67,0,0,0,,,,,
D,M0,1,course0,200.0,1120.0,0,covered by stone c0 u=1100,,,,,,,,,70,0,0,0,,,,,
D,M0,1,course0,400.0,1320.0,0,covered by stone c0 u=1300,,,,,,,,,70,0,0,0,,,,,
D,M0,1,course0,480.0,1400.0,0,covered by stone c0 u=1300,,,,,,,,,64,0,0,0,,,,,
D,M0,1,course0,600.0,1520.0,0,covered by stone c0 u=1500,,,,,,,,,54,0,0,0,,,,,
D,M0,1,course0,800.0,1720.0,0,covered by stone c0 u=1700,,,,,,,,,37,0,0,0,,,,,
D,M0,1,course0,1000.0,1920.0,1,ok,280.0,20.0,0.0,270.0,413.4,22.1,5.0,axis,14,2,1,1,12,0.0,0.028,-112.5 -11.3 28.6 -125.9 -82.5 158.7,complete
D,M0,1,course0,1180.0,2100.0,1,ok,360.0,40.0,0.0,270.0,630.1,44.3,5.0,vertical,2,2,1,1,12,0.0,0.018,-112.5 -1.7 14.3 -140.4 -75.8 162.4,complete
D,M0,1,course0,1200.0,2120.0,0,collision (gripper/wall 1),,,,,,,,,1,1,0,0,,,,,
D,M0,1,complete,-1200.0,-280.0,0,"collision (gripper/wall 1, arm/wall 1)",,,,,,,,,1,1,0,0,,,,,
D,M0,1,complete,-1000.0,-80.0,1,ok,280.0,20.0,180.0,270.0,413.4,22.1,20.0,axis,14,3,1,1,12,0.0,0.032,98.4 -11.0 28.2 -127.0 -92.9 7.9,
D,M0,1,complete,-920.0,0.0,0,covered by stone c0 u=100,,,,,,,,,18,0,0,0,,,,,
D,M0,1,complete,-800.0,120.0,0,covered by stone c0 u=100,,,,,,,,,37,0,0,0,,,,,
D,M0,1,complete,-600.0,320.0,0,covered by stone c0 u=300,,,,,,,,,54,0,0,0,,,,,
D,M0,1,complete,-400.0,520.0,0,covered by stone c0 u=500,,,,,,,,,69,0,0,0,,,,,
D,M0,1,complete,-220.0,700.0,0,covered by stone c0 u=700,,,,,,,,,70,0,0,0,,,,,
D,M0,1,complete,-200.0,720.0,0,covered by stone c0 u=700,,,,,,,,,70,0,0,0,,,,,
D,M0,1,complete,0.0,920.0,0,covered by stone c0 u=900,,,,,,,,,67,0,0,0,,,,,
D,M0,1,complete,200.0,1120.0,0,covered by stone c0 u=1100,,,,,,,,,70,0,0,0,,,,,
D,M0,1,complete,400.0,1320.0,0,covered by stone c0 u=1300,,,,,,,,,70,0,0,0,,,,,
D,M0,1,complete,480.0,1400.0,0,covered by stone c0 u=1300,,,,,,,,,64,0,0,0,,,,,
D,M0,1,complete,600.0,1520.0,0,covered by stone c0 u=1500,,,,,,,,,54,0,0,0,,,,,
D,M0,1,complete,800.0,1720.0,0,covered by stone c0 u=1700,,,,,,,,,37,0,0,0,,,,,
D,M0,1,complete,1000.0,1920.0,1,ok,280.0,20.0,0.0,270.0,413.4,22.1,5.0,axis,14,2,1,1,12,0.0,0.028,-112.5 -11.3 28.6 -125.9 -82.5 158.7,
D,M0,1,complete,1180.0,2100.0,1,ok,360.0,40.0,0.0,270.0,630.1,44.3,5.0,vertical,2,2,1,1,12,0.0,0.018,-112.5 -1.7 14.3 -140.4 -75.8 162.4,
D,M0,1,complete,1200.0,2120.0,0,"collision (gripper/wall 1, arm/wall 1)",,,,,,,,,1,1,0,0,,,,,
D,M0,2,arrival,-1200.0,1120.0,0,covered by stone c0 u=1100,,,,,,,,,1,0,0,0,,,,,
D,M0,2,arrival,-1000.0,1320.0,0,covered by stone c0 u=1300,,,,,,,,,14,0,0,0,,,,,
D,M0,2,arrival,-920.0,1400.0,0,covered by stone c0 u=1300,,,,,,,,,18,0,0,0,,,,,
D,M0,2,arrival,-800.0,1520.0,0,covered by stone c0 u=1500,,,,,,,,,37,0,0,0,,,,,
D,M0,2,arrival,-600.0,1720.0,0,covered by stone c0 u=1700,,,,,,,,,54,0,0,0,,,,,
D,M0,2,arrival,-400.0,1920.0,1,ok,280.0,0.0,0.0,0.0,531.0,30.8,40.0,axis,69,1,1,1,12,0.0,0.063,133.4 -63.3 129.0 -155.7 -90.0 133.4,
D,M0,2,arrival,-220.0,2100.0,1,ok,280.0,0.0,0.0,0.0,531.0,30.8,40.0,axis,70,1,1,1,12,0.0,0.063,153.6 -68.2 139.7 -161.5 -90.0 153.6,
D,M0,2,arrival,-200.0,2120.0,1,ok,280.0,0.0,0.0,0.0,531.0,30.8,40.0,axis,70,1,1,1,12,0.0,0.063,156.3 -68.4 140.2 -161.8 -90.0 156.3,
D,M0,2,arrival,0.0,2320.0,1,ok,280.0,0.0,0.0,0.0,531.0,30.8,40.0,axis,67,1,1,1,12,0.0,0.063,-174.1 -66.6 136.3 -159.6 -90.0 -174.1,
D,M0,2,arrival,200.0,2520.0,1,ok,280.0,0.0,0.0,0.0,531.0,30.8,40.0,axis,70,1,1,1,12,0.0,0.063,-149.9 -58.7 119.0 -150.3 -90.0 -149.9,
D,M0,2,arrival,400.0,2720.0,1,ok,280.0,0.0,0.0,0.0,531.0,30.8,40.0,axis,70,1,1,1,12,0.0,0.063,-134.4 -45.8 91.8 -136.0 -90.0 -134.4,
D,M0,2,arrival,480.0,2800.0,1,ok,280.0,0.0,0.0,0.0,531.0,30.8,40.0,axis,64,1,1,1,12,0.0,0.063,-130.0 -39.0 77.7 -128.7 -90.0 -130.0,
D,M0,2,arrival,600.0,2920.0,1,ok,280.0,0.0,0.0,0.0,531.0,30.8,40.0,axis,54,1,1,1,12,0.0,0.063,-124.7 -25.4 49.5 -114.1 -90.0 -124.7,
D,M0,2,arrival,800.0,3120.0,1,ok,280.0,0.0,0.0,180.0,531.0,30.8,40.0,axis,37,1,1,1,12,0.0,0.063,-129.0 -37.1 73.7 -126.6 -90.0 51.0,
D,M0,2,arrival,1000.0,3320.0,1,ok,280.0,20.0,0.0,270.0,413.4,22.1,5.0,axis,14,2,1,1,12,0.0,0.028,-112.5 -11.3 28.6 -125.9 -82.5 158.7,complete
D,M0,2,arrival,1180.0,3500.0,1,ok,360.0,40.0,0.0,270.0,630.1,44.3,5.0,vertical,2,2,1,1,12,0.0,0.018,-112.5 -1.7 14.3 -140.4 -75.8 162.4,complete
D,M0,2,arrival,1200.0,3520.0,1,ok,360.0,40.0,0.0,180.0,612.3,42.9,30.0,axis,1,1,1,1,12,0.0,0.018,-124.2 -2.8 31.1 -153.1 -68.8 62.5,
D,M0,2,course0,-1200.0,1120.0,0,covered by stone c0 u=1100,,,,,,,,,1,0,0,0,,,,,
D,M0,2,course0,-1000.0,1320.0,0,covered by stone c0 u=1300,,,,,,,,,14,0,0,0,,,,,
D,M0,2,course0,-920.0,1400.0,0,covered by stone c0 u=1300,,,,,,,,,18,0,0,0,,,,,
D,M0,2,course0,-800.0,1520.0,0,covered by stone c0 u=1500,,,,,,,,,37,0,0,0,,,,,
D,M0,2,course0,-600.0,1720.0,0,covered by stone c0 u=1700,,,,,,,,,54,0,0,0,,,,,
D,M0,2,course0,-400.0,1920.0,0,covered by stone c0 u=1900,,,,,,,,,69,0,0,0,,,,,
D,M0,2,course0,-220.0,2100.0,0,covered by stone c0 u=2100,,,,,,,,,70,0,0,0,,,,,
D,M0,2,course0,-200.0,2120.0,0,covered by stone c0 u=2100,,,,,,,,,70,0,0,0,,,,,
D,M0,2,course0,0.0,2320.0,0,covered by stone c0 u=2300,,,,,,,,,67,0,0,0,,,,,
D,M0,2,course0,200.0,2520.0,0,covered by stone c0 u=2500,,,,,,,,,70,0,0,0,,,,,
D,M0,2,course0,400.0,2720.0,0,covered by stone c0 u=2700,,,,,,,,,70,0,0,0,,,,,
D,M0,2,course0,480.0,2800.0,0,covered by stone c0 u=2700,,,,,,,,,64,0,0,0,,,,,
D,M0,2,course0,600.0,2920.0,0,covered by stone c0 u=2900,,,,,,,,,54,0,0,0,,,,,
D,M0,2,course0,800.0,3120.0,0,covered by stone c0 u=3100,,,,,,,,,37,0,0,0,,,,,
D,M0,2,course0,1000.0,3320.0,1,ok,280.0,20.0,0.0,270.0,413.4,22.1,5.0,axis,14,2,1,1,12,0.0,0.028,-112.5 -11.3 28.6 -125.9 -82.5 158.7,complete
D,M0,2,course0,1180.0,3500.0,1,ok,360.0,40.0,0.0,270.0,630.1,44.3,5.0,vertical,2,2,1,1,12,0.0,0.018,-112.5 -1.7 14.3 -140.4 -75.8 162.4,complete
D,M0,2,course0,1200.0,3520.0,0,collision (gripper/wall 1),,,,,,,,,1,1,0,0,,,,,
D,M0,2,complete,-1200.0,1120.0,0,covered by stone c0 u=1100,,,,,,,,,1,0,0,0,,,,,
D,M0,2,complete,-1000.0,1320.0,0,covered by stone c0 u=1300,,,,,,,,,14,0,0,0,,,,,
D,M0,2,complete,-920.0,1400.0,0,covered by stone c0 u=1300,,,,,,,,,18,0,0,0,,,,,
D,M0,2,complete,-800.0,1520.0,0,covered by stone c0 u=1500,,,,,,,,,37,0,0,0,,,,,
D,M0,2,complete,-600.0,1720.0,0,covered by stone c0 u=1700,,,,,,,,,54,0,0,0,,,,,
D,M0,2,complete,-400.0,1920.0,0,covered by stone c0 u=1900,,,,,,,,,69,0,0,0,,,,,
D,M0,2,complete,-220.0,2100.0,0,covered by stone c0 u=2100,,,,,,,,,70,0,0,0,,,,,
D,M0,2,complete,-200.0,2120.0,0,covered by stone c0 u=2100,,,,,,,,,70,0,0,0,,,,,
D,M0,2,complete,0.0,2320.0,0,covered by stone c0 u=2300,,,,,,,,,67,0,0,0,,,,,
D,M0,2,complete,200.0,2520.0,0,covered by stone c0 u=2500,,,,,,,,,70,0,0,0,,,,,
D,M0,2,complete,400.0,2720.0,0,covered by stone c0 u=2700,,,,,,,,,70,0,0,0,,,,,
D,M0,2,complete,480.0,2800.0,0,covered by stone c0 u=2700,,,,,,,,,64,0,0,0,,,,,
D,M0,2,complete,600.0,2920.0,0,covered by stone c0 u=2900,,,,,,,,,54,0,0,0,,,,,
D,M0,2,complete,800.0,3120.0,0,covered by stone c0 u=3100,,,,,,,,,37,0,0,0,,,,,
D,M0,2,complete,1000.0,3320.0,1,ok,280.0,20.0,0.0,270.0,413.4,22.1,5.0,axis,14,2,1,1,12,0.0,0.028,-112.5 -11.3 28.6 -125.9 -82.5 158.7,
D,M0,2,complete,1180.0,3500.0,1,ok,360.0,40.0,0.0,270.0,630.1,44.3,5.0,vertical,2,2,1,1,12,0.0,0.018,-112.5 -1.7 14.3 -140.4 -75.8 162.4,
D,M0,2,complete,1200.0,3520.0,0,"collision (gripper/wall 1, arm/wall 1)",,,,,,,,,1,1,0,0,,,,,
D,M0,3,arrival,-1200.0,2520.0,0,covered by stone c0 u=2500,,,,,,,,,1,0,0,0,,,,,
D,M0,3,arrival,-1000.0,2720.0,0,covered by stone c0 u=2700,,,,,,,,,14,0,0,0,,,,,
D,M0,3,arrival,-920.0,2800.0,0,covered by stone c0 u=2700,,,,,,,,,18,0,0,0,,,,,
D,M0,3,arrival,-800.0,2920.0,0,covered by stone c0 u=2900,,,,,,,,,37,0,0,0,,,,,
D,M0,3,arrival,-600.0,3120.0,0,covered by stone c0 u=3100,,,,,,,,,54,0,0,0,,,,,
D,M0,3,arrival,-400.0,3320.0,1,ok,280.0,0.0,0.0,0.0,531.0,30.8,40.0,axis,69,1,1,1,12,0.0,0.063,133.4 -63.3 129.0 -155.7 -90.0 133.4,
D,M0,3,arrival,-220.0,3500.0,1,ok,280.0,0.0,0.0,0.0,531.0,30.8,40.0,axis,70,1,1,1,12,0.0,0.063,153.6 -68.2 139.7 -161.5 -90.0 153.6,
D,M0,3,arrival,-200.0,3520.0,1,ok,280.0,0.0,0.0,0.0,531.0,30.8,40.0,axis,70,1,1,1,12,0.0,0.063,156.3 -68.4 140.2 -161.8 -90.0 156.3,
D,M0,3,arrival,0.0,3720.0,1,ok,280.0,0.0,0.0,0.0,531.0,30.8,40.0,axis,67,1,1,1,12,0.0,0.063,-174.1 -66.6 136.3 -159.6 -90.0 -174.1,
D,M0,3,arrival,200.0,3920.0,1,ok,280.0,0.0,0.0,0.0,531.0,30.8,40.0,axis,70,1,1,1,12,0.0,0.063,-149.9 -58.7 119.0 -150.3 -90.0 -149.9,
D,M0,3,arrival,400.0,4120.0,1,ok,280.0,0.0,0.0,0.0,531.0,30.8,40.0,axis,70,1,1,1,12,0.0,0.063,-134.4 -45.8 91.8 -136.0 -90.0 -134.4,
D,M0,3,arrival,480.0,4200.0,1,ok,280.0,0.0,0.0,0.0,531.0,30.8,40.0,axis,64,1,1,1,12,0.0,0.063,-130.0 -39.0 77.7 -128.7 -90.0 -130.0,
D,M0,3,arrival,600.0,4320.0,1,ok,280.0,0.0,0.0,0.0,531.0,30.8,40.0,axis,54,1,1,1,12,0.0,0.063,-124.7 -25.4 49.5 -114.1 -90.0 -124.7,
D,M0,3,arrival,800.0,4520.0,1,ok,280.0,0.0,0.0,180.0,531.0,30.8,40.0,axis,37,1,1,1,12,0.0,0.063,-129.0 -37.1 73.7 -126.6 -90.0 51.0,
D,M0,3,arrival,1000.0,4720.0,1,ok,280.0,20.0,0.0,270.0,413.4,22.1,5.0,axis,14,2,1,1,12,0.0,0.028,-112.5 -11.3 28.6 -125.9 -82.5 158.7,complete
D,M0,3,arrival,1180.0,4900.0,1,ok,360.0,40.0,0.0,270.0,630.1,44.3,5.0,vertical,2,2,1,1,12,0.0,0.018,-112.5 -1.7 14.3 -140.4 -75.8 162.4,complete
D,M0,3,arrival,1200.0,4920.0,1,ok,360.0,40.0,0.0,180.0,612.3,42.9,30.0,axis,1,1,1,1,12,0.0,0.018,-124.2 -2.8 31.1 -153.1 -68.8 62.5,
D,M0,3,course0,-1200.0,2520.0,0,covered by stone c0 u=2500,,,,,,,,,1,0,0,0,,,,,
D,M0,3,course0,-1000.0,2720.0,0,covered by stone c0 u=2700,,,,,,,,,14,0,0,0,,,,,
D,M0,3,course0,-920.0,2800.0,0,covered by stone c0 u=2700,,,,,,,,,18,0,0,0,,,,,
D,M0,3,course0,-800.0,2920.0,0,covered by stone c0 u=2900,,,,,,,,,37,0,0,0,,,,,
D,M0,3,course0,-600.0,3120.0,0,covered by stone c0 u=3100,,,,,,,,,54,0,0,0,,,,,
D,M0,3,course0,-400.0,3320.0,0,covered by stone c0 u=3300,,,,,,,,,69,0,0,0,,,,,
D,M0,3,course0,-220.0,3500.0,0,covered by stone c0 u=3500,,,,,,,,,70,0,0,0,,,,,
D,M0,3,course0,-200.0,3520.0,0,covered by stone c0 u=3500,,,,,,,,,70,0,0,0,,,,,
D,M0,3,course0,0.0,3720.0,0,covered by stone c0 u=3700,,,,,,,,,67,0,0,0,,,,,
D,M0,3,course0,200.0,3920.0,0,covered by stone c0 u=3900,,,,,,,,,70,0,0,0,,,,,
D,M0,3,course0,400.0,4120.0,0,covered by stone c0 u=4100,,,,,,,,,70,0,0,0,,,,,
D,M0,3,course0,480.0,4200.0,0,covered by stone c0 u=4100,,,,,,,,,64,0,0,0,,,,,
D,M0,3,course0,600.0,4320.0,0,covered by stone c0 u=4300,,,,,,,,,54,0,0,0,,,,,
D,M0,3,course0,800.0,4520.0,0,covered by stone c0 u=4500,,,,,,,,,37,0,0,0,,,,,
D,M0,3,course0,1000.0,4720.0,1,ok,280.0,20.0,0.0,270.0,413.4,22.1,5.0,axis,14,2,1,1,12,0.0,0.028,-112.5 -11.3 28.6 -125.9 -82.5 158.7,complete
D,M0,3,course0,1180.0,4900.0,1,ok,360.0,40.0,0.0,270.0,630.1,44.3,5.0,vertical,2,2,1,1,12,0.0,0.018,-112.5 -1.7 14.3 -140.4 -75.8 162.4,complete
D,M0,3,course0,1200.0,4920.0,0,collision (gripper/wall 1),,,,,,,,,1,1,0,0,,,,,
D,M0,3,complete,-1200.0,2520.0,0,covered by stone c0 u=2500,,,,,,,,,1,0,0,0,,,,,
D,M0,3,complete,-1000.0,2720.0,0,covered by stone c0 u=2700,,,,,,,,,14,0,0,0,,,,,
D,M0,3,complete,-920.0,2800.0,0,covered by stone c0 u=2700,,,,,,,,,18,0,0,0,,,,,
D,M0,3,complete,-800.0,2920.0,0,covered by stone c0 u=2900,,,,,,,,,37,0,0,0,,,,,
D,M0,3,complete,-600.0,3120.0,0,covered by stone c0 u=3100,,,,,,,,,54,0,0,0,,,,,
D,M0,3,complete,-400.0,3320.0,0,covered by stone c0 u=3300,,,,,,,,,69,0,0,0,,,,,
D,M0,3,complete,-220.0,3500.0,0,covered by stone c0 u=3500,,,,,,,,,70,0,0,0,,,,,
D,M0,3,complete,-200.0,3520.0,0,covered by stone c0 u=3500,,,,,,,,,70,0,0,0,,,,,
D,M0,3,complete,0.0,3720.0,0,covered by stone c0 u=3700,,,,,,,,,67,0,0,0,,,,,
D,M0,3,complete,200.0,3920.0,0,covered by stone c0 u=3900,,,,,,,,,70,0,0,0,,,,,
D,M0,3,complete,400.0,4120.0,0,covered by stone c0 u=4100,,,,,,,,,70,0,0,0,,,,,
D,M0,3,complete,480.0,4200.0,0,covered by stone c0 u=4100,,,,,,,,,64,0,0,0,,,,,
D,M0,3,complete,600.0,4320.0,0,covered by stone c0 u=4300,,,,,,,,,54,0,0,0,,,,,
D,M0,3,complete,800.0,4520.0,0,covered by stone c0 u=4500,,,,,,,,,37,0,0,0,,,,,
D,M0,3,complete,1000.0,4720.0,1,ok,280.0,20.0,0.0,270.0,413.4,22.1,5.0,axis,14,2,1,1,12,0.0,0.028,-112.5 -11.3 28.6 -125.9 -82.5 158.7,
D,M0,3,complete,1180.0,4900.0,1,ok,360.0,40.0,0.0,270.0,630.1,44.3,5.0,vertical,2,2,1,1,12,0.0,0.018,-112.5 -1.7 14.3 -140.4 -75.8 162.4,
D,M0,3,complete,1200.0,4920.0,0,"collision (gripper/wall 1, arm/wall 1)",,,,,,,,,1,1,0,0,,,,,
D,M0,4,arrival,-1200.0,3920.0,0,covered by stone c0 u=3900,,,,,,,,,1,0,0,0,,,,,
D,M0,4,arrival,-1000.0,4120.0,0,covered by stone c0 u=4100,,,,,,,,,14,0,0,0,,,,,
D,M0,4,arrival,-920.0,4200.0,0,covered by stone c0 u=4100,,,,,,,,,18,0,0,0,,,,,
D,M0,4,arrival,-800.0,4320.0,0,covered by stone c0 u=4300,,,,,,,,,37,0,0,0,,,,,
D,M0,4,arrival,-600.0,4520.0,0,covered by stone c0 u=4500,,,,,,,,,54,0,0,0,,,,,
D,M0,4,arrival,-400.0,4720.0,1,ok,280.0,0.0,0.0,0.0,531.0,30.8,40.0,axis,69,1,1,1,12,0.0,0.063,133.4 -63.3 129.0 -155.7 -90.0 133.4,
D,M0,4,arrival,-220.0,4900.0,1,ok,280.0,0.0,0.0,0.0,531.0,30.8,40.0,axis,70,1,1,1,12,0.0,0.063,153.6 -68.2 139.7 -161.5 -90.0 153.6,complete
D,M0,4,arrival,-200.0,4920.0,1,ok,280.0,0.0,0.0,0.0,531.0,30.8,40.0,axis,70,1,1,1,12,0.0,0.063,156.3 -68.4 140.2 -161.8 -90.0 156.3,complete
D,M0,4,arrival,0.0,5120.0,1,ok,280.0,0.0,0.0,0.0,531.0,30.8,40.0,axis,67,1,1,1,12,0.0,0.063,-174.1 -66.6 136.3 -159.6 -90.0 -174.1,complete
D,M0,4,arrival,200.0,5320.0,1,ok,280.0,0.0,0.0,0.0,531.0,30.8,40.0,axis,70,1,1,1,12,0.0,0.063,-149.9 -58.7 119.0 -150.3 -90.0 -149.9,complete
D,M0,4,arrival,400.0,5520.0,1,ok,280.0,0.0,0.0,0.0,531.0,30.8,40.0,axis,70,1,1,1,12,0.0,0.063,-134.4 -45.8 91.8 -136.0 -90.0 -134.4,complete
D,M0,4,arrival,480.0,5600.0,1,ok,280.0,0.0,0.0,0.0,531.0,30.8,40.0,axis,64,1,1,1,12,0.0,0.063,-130.0 -39.0 77.7 -128.7 -90.0 -130.0,complete
D,M0,4,arrival,600.0,5720.0,1,ok,280.0,0.0,0.0,0.0,531.0,30.8,40.0,axis,54,1,1,1,12,0.0,0.063,-124.7 -25.4 49.5 -114.1 -90.0 -124.7,complete
D,M0,4,arrival,800.0,5920.0,1,ok,280.0,0.0,0.0,180.0,531.0,30.8,40.0,axis,37,1,1,1,12,0.0,0.063,-129.0 -37.1 73.7 -126.6 -90.0 51.0,complete
D,M0,4,arrival,1000.0,6120.0,1,ok,280.0,20.0,0.0,180.0,505.3,27.7,40.0,axis,14,1,1,1,12,0.0,0.026,-126.1 -20.7 56.9 -142.5 -78.4 55.5,complete
D,M0,4,arrival,1180.0,6300.0,1,ok,360.0,40.0,0.0,180.0,612.3,42.9,40.0,axis,2,1,1,1,12,0.0,0.018,-125.0 -6.5 39.4 -157.4 -68.4 61.8,complete
D,M0,4,arrival,1200.0,6320.0,1,ok,360.0,40.0,0.0,180.0,612.3,42.9,30.0,axis,1,1,1,1,12,0.0,0.018,-124.2 -2.8 31.1 -153.1 -68.8 62.5,complete
D,M0,4,course0,-1200.0,3920.0,0,covered by stone c0 u=3900,,,,,,,,,1,0,0,0,,,,,
D,M0,4,course0,-1000.0,4120.0,0,covered by stone c0 u=4100,,,,,,,,,14,0,0,0,,,,,
D,M0,4,course0,-920.0,4200.0,0,covered by stone c0 u=4100,,,,,,,,,18,0,0,0,,,,,
D,M0,4,course0,-800.0,4320.0,0,covered by stone c0 u=4300,,,,,,,,,37,0,0,0,,,,,
D,M0,4,course0,-600.0,4520.0,0,covered by stone c0 u=4500,,,,,,,,,54,0,0,0,,,,,
D,M0,4,course0,-400.0,4720.0,0,covered by stone c0 u=4700,,,,,,,,,69,0,0,0,,,,,
D,M0,4,course0,-220.0,4900.0,1,ok,280.0,0.0,0.0,0.0,531.0,30.8,40.0,axis,70,1,1,1,12,0.0,0.063,153.6 -68.2 139.7 -161.5 -90.0 153.6,complete
D,M0,4,course0,-200.0,4920.0,1,ok,280.0,0.0,0.0,0.0,531.0,30.8,40.0,axis,70,1,1,1,12,0.0,0.063,156.3 -68.4 140.2 -161.8 -90.0 156.3,complete
D,M0,4,course0,0.0,5120.0,1,ok,280.0,0.0,0.0,0.0,531.0,30.8,40.0,axis,67,1,1,1,12,0.0,0.063,-174.1 -66.6 136.3 -159.6 -90.0 -174.1,complete
D,M0,4,course0,200.0,5320.0,1,ok,280.0,0.0,0.0,0.0,531.0,30.8,40.0,axis,70,1,1,1,12,0.0,0.063,-149.9 -58.7 119.0 -150.3 -90.0 -149.9,complete
D,M0,4,course0,400.0,5520.0,1,ok,280.0,0.0,0.0,0.0,531.0,30.8,40.0,axis,70,1,1,1,12,0.0,0.063,-134.4 -45.8 91.8 -136.0 -90.0 -134.4,complete
D,M0,4,course0,480.0,5600.0,1,ok,280.0,0.0,0.0,0.0,531.0,30.8,40.0,axis,64,1,1,1,12,0.0,0.063,-130.0 -39.0 77.7 -128.7 -90.0 -130.0,complete
D,M0,4,course0,600.0,5720.0,1,ok,280.0,0.0,0.0,0.0,531.0,30.8,40.0,axis,54,1,1,1,12,0.0,0.063,-124.7 -25.4 49.5 -114.1 -90.0 -124.7,complete
D,M0,4,course0,800.0,5920.0,1,ok,280.0,0.0,0.0,180.0,531.0,30.8,40.0,axis,37,1,1,1,12,0.0,0.063,-129.0 -37.1 73.7 -126.6 -90.0 51.0,complete
D,M0,4,course0,1000.0,6120.0,1,ok,280.0,20.0,0.0,180.0,505.3,27.7,40.0,axis,14,1,1,1,12,0.0,0.026,-126.1 -20.7 56.9 -142.5 -78.4 55.5,complete
D,M0,4,course0,1180.0,6300.0,1,ok,360.0,40.0,0.0,180.0,612.3,42.9,40.0,axis,2,1,1,1,12,0.0,0.018,-125.0 -6.5 39.4 -157.4 -68.4 61.8,complete
D,M0,4,course0,1200.0,6320.0,1,ok,360.0,40.0,0.0,180.0,612.3,42.9,30.0,axis,1,1,1,1,12,0.0,0.018,-124.2 -2.8 31.1 -153.1 -68.8 62.5,complete
D,M0,4,complete,-1200.0,3920.0,0,covered by stone c0 u=3900,,,,,,,,,1,0,0,0,,,,,
D,M0,4,complete,-1000.0,4120.0,0,covered by stone c0 u=4100,,,,,,,,,14,0,0,0,,,,,
D,M0,4,complete,-920.0,4200.0,0,covered by stone c0 u=4100,,,,,,,,,18,0,0,0,,,,,
D,M0,4,complete,-800.0,4320.0,0,covered by stone c0 u=4300,,,,,,,,,37,0,0,0,,,,,
D,M0,4,complete,-600.0,4520.0,0,covered by stone c0 u=4500,,,,,,,,,54,0,0,0,,,,,
D,M0,4,complete,-400.0,4720.0,0,covered by stone c0 u=4700,,,,,,,,,69,0,0,0,,,,,
D,M0,4,complete,-220.0,4900.0,1,ok,280.0,0.0,0.0,0.0,531.0,30.8,40.0,axis,70,1,1,1,12,0.0,0.063,153.6 -68.2 139.7 -161.5 -90.0 153.6,
D,M0,4,complete,-200.0,4920.0,1,ok,280.0,0.0,0.0,0.0,531.0,30.8,40.0,axis,70,1,1,1,12,0.0,0.063,156.3 -68.4 140.2 -161.8 -90.0 156.3,
D,M0,4,complete,0.0,5120.0,1,ok,280.0,0.0,0.0,0.0,531.0,30.8,40.0,axis,67,1,1,1,12,0.0,0.063,-174.1 -66.6 136.3 -159.6 -90.0 -174.1,
D,M0,4,complete,200.0,5320.0,1,ok,280.0,0.0,0.0,0.0,531.0,30.8,40.0,axis,70,1,1,1,12,0.0,0.063,-149.9 -58.7 119.0 -150.3 -90.0 -149.9,
D,M0,4,complete,400.0,5520.0,1,ok,280.0,0.0,0.0,0.0,531.0,30.8,40.0,axis,70,1,1,1,12,0.0,0.063,-134.4 -45.8 91.8 -136.0 -90.0 -134.4,
D,M0,4,complete,480.0,5600.0,1,ok,280.0,0.0,0.0,0.0,531.0,30.8,40.0,axis,64,1,1,1,12,0.0,0.063,-130.0 -39.0 77.7 -128.7 -90.0 -130.0,
D,M0,4,complete,600.0,5720.0,1,ok,280.0,0.0,0.0,0.0,531.0,30.8,40.0,axis,54,1,1,1,12,0.0,0.063,-124.7 -25.4 49.5 -114.1 -90.0 -124.7,
D,M0,4,complete,800.0,5920.0,1,ok,280.0,0.0,0.0,180.0,531.0,30.8,40.0,axis,37,1,1,1,12,0.0,0.063,-129.0 -37.1 73.7 -126.6 -90.0 51.0,
D,M0,4,complete,1000.0,6120.0,1,ok,280.0,20.0,0.0,180.0,505.3,27.7,40.0,axis,14,1,1,1,12,0.0,0.026,-126.1 -20.7 56.9 -142.5 -78.4 55.5,
D,M0,4,complete,1180.0,6300.0,1,ok,360.0,40.0,0.0,180.0,612.3,42.9,40.0,axis,2,1,1,1,12,0.0,0.018,-125.0 -6.5 39.4 -157.4 -68.4 61.8,
D,M0,4,complete,1200.0,6320.0,1,ok,360.0,40.0,0.0,180.0,612.3,42.9,30.0,axis,1,1,1,1,12,0.0,0.018,-124.2 -2.8 31.1 -153.1 -68.8 62.5,
