layer,x,y,ok,reason
1,-500.0,-240.0,0,ik
1,-460.0,-240.0,0,approach
1,-420.0,-240.0,0,approach
1,-380.0,-240.0,0,approach
1,-340.0,-240.0,1,ok
1,-300.0,-240.0,1,ok
1,-260.0,-240.0,1,ok
1,-220.0,-240.0,1,ok
1,-180.0,-240.0,1,ok
1,-140.0,-240.0,1,ok
1,-100.0,-240.0,1,ok
1,-60.0,-240.0,1,ok
1,-20.0,-240.0,1,ok
1,20.0,-240.0,1,ok
1,60.0,-240.0,1,ok
1,100.0,-240.0,1,ok
1,140.0,-240.0,1,ok
1,180.0,-240.0,1,ok
1,220.0,-240.0,1,ok
1,260.0,-240.0,1,ok
1,300.0,-240.0,1,ok
1,340.0,-240.0,1,ok
1,380.0,-240.0,1,ok
1,420.0,-240.0,1,ok
1,460.0,-240.0,1,ok
1,500.0,-240.0,1,ok
1,-500.0,-200.0,0,ik
1,-460.0,-200.0,0,approach
1,-420.0,-200.0,0,approach
1,-380.0,-200.0,1,ok
1,-340.0,-200.0,1,ok
1,-300.0,-200.0,1,ok
1,-260.0,-200.0,1,ok
1,-220.0,-200.0,1,ok
1,-180.0,-200.0,1,ok
1,-140.0,-200.0,1,ok
1,-100.0,-200.0,1,ok
1,-60.0,-200.0,1,ok
1,-20.0,-200.0,1,ok
1,20.0,-200.0,1,ok
1,60.0,-200.0,1,ok
1,100.0,-200.0,1,ok
1,140.0,-200.0,1,ok
1,180.0,-200.0,1,ok
1,220.0,-200.0,1,ok
1,260.0,-200.0,1,ok
1,300.0,-200.0,1,ok
1,340.0,-200.0,0,collision
1,380.0,-200.0,0,collision
1,420.0,-200.0,1,ok
1,460.0,-200.0,1,ok
1,500.0,-200.0,1,ok
1,-500.0,-160.0,0,ik
1,-460.0,-160.0,0,approach
1,-420.0,-160.0,0,approach
1,-380.0,-160.0,1,ok
1,-340.0,-160.0,1,ok
1,-300.0,-160.0,1,ok
1,-260.0,-160.0,1,ok
1,-220.0,-160.0,1,ok
1,-180.0,-160.0,1,ok
1,-140.0,-160.0,1,ok
1,-100.0,-160.0,1,ok
1,-60.0,-160.0,1,ok
1,-20.0,-160.0,1,ok
1,20.0,-160.0,1,ok
1,60.0,-160.0,1,ok
1,100.0,-160.0,1,ok
1,140.0,-160.0,1,ok
1,180.0,-160.0,1,ok
1,220.0,-160.0,1,ok
1,260.0,-160.0,0,collision
1,300.0,-160.0,0,collision
1,340.0,-160.0,0,collision
1,380.0,-160.0,0,collision
1,420.0,-160.0,0,collision
1,460.0,-160.0,0,collision
1,500.0,-160.0,1,ok
1,-500.0,-120.0,0,ik
1,-460.0,-120.0,0,approach
1,-420.0,-120.0,0,approach
1,-380.0,-120.0,1,ok
1,-340.0,-120.0,1,ok
1,-300.0,-120.0,1,ok
1,-260.0,-120.0,1,ok
1,-220.0,-120.0,1,ok
1,-180.0,-120.0,1,ok
1,-140.0,-120.0,1,ok
1,-100.0,-120.0,1,ok
1,-60.0,-120.0,1,ok
1,-20.0,-120.0,1,ok
1,20.0,-120.0,1,ok
1,60.0,-120.0,1,ok
1,100.0,-120.0,1,ok
1,140.0,-120.0,1,ok
1,180.0,-120.0,1,ok
1,220.0,-120.0,0,collision
1,260.0,-120.0,0,collision
1,300.0,-120.0,0,collision
1,340.0,-120.0,0,collision
1,380.0,-120.0,0,collision
1,420.0,-120.0,0,collision
1,460.0,-120.0,0,collision
1,500.0,-120.0,1,ok
1,-500.0,-80.0,0,ik
1,-460.0,-80.0,0,approach
1,-420.0,-80.0,0,approach
1,-380.0,-80.0,1,ok
1,-340.0,-80.0,1,ok
1,-300.0,-80.0,1,ok
1,-260.0,-80.0,1,ok
1,-220.0,-80.0,1,ok
1,-180.0,-80.0,1,ok
1,-140.0,-80.0,1,ok
1,-100.0,-80.0,1,ok
1,-60.0,-80.0,1,ok
1,-20.0,-80.0,1,ok
1,20.0,-80.0,1,ok
1,60.0,-80.0,1,ok
1,100.0,-80.0,1,ok
1,140.0,-80.0,1,ok
1,180.0,-80.0,1,ok
1,220.0,-80.0,0,collision
1,260.0,-80.0,0,collision
1,300.0,-80.0,0,ik
1,340.0,-80.0,0,ik
1,380.0,-80.0,0,ik
1,420.0,-80.0,0,ik
1,460.0,-80.0,0,collision
1,500.0,-80.0,0,collision
1,-500.0,-40.0,0,ik
1,-460.0,-40.0,0,approach
1,-420.0,-40.0,0,approach
1,-380.0,-40.0,1,ok
1,-340.0,-40.0,1,ok
1,-300.0,-40.0,1,ok
1,-260.0,-40.0,1,ok
1,-220.0,-40.0,1,ok
1,-180.0,-40.0,1,ok
1,-140.0,-40.0,1,ok
1,-100.0,-40.0,1,ok
1,-60.0,-40.0,1,ok
1,-20.0,-40.0,1,ok
1,20.0,-40.0,1,ok
1,60.0,-40.0,1,ok
1,100.0,-40.0,1,ok
1,140.0,-40.0,1,ok
1,180.0,-40.0,0,collision
1,220.0,-40.0,0,collision
1,260.0,-40.0,0,ik
1,300.0,-40.0,0,ik
1,340.0,-40.0,0,ik
1,380.0,-40.0,0,ik
1,420.0,-40.0,0,ik
1,460.0,-40.0,0,collision
1,500.0,-40.0,0,collision
1,-500.0,0.0,0,ik
1,-460.0,0.0,0,approach
1,-420.0,0.0,0,approach
1,-380.0,0.0,1,ok
1,-340.0,0.0,1,ok
1,-300.0,0.0,1,ok
1,-260.0,0.0,1,ok
1,-220.0,0.0,1,ok
1,-180.0,0.0,1,ok
1,-140.0,0.0,1,ok
1,-100.0,0.0,1,ok
1,-60.0,0.0,1,ok
1,-20.0,0.0,1,ok
1,20.0,0.0,1,ok
1,60.0,0.0,1,ok
1,100.0,0.0,1,ok
1,140.0,0.0,1,ok
1,180.0,0.0,0,collision
1,220.0,0.0,0,collision
1,260.0,0.0,0,ik
1,300.0,0.0,0,ik
1,340.0,0.0,0,ik
1,380.0,0.0,0,ik
1,420.0,0.0,0,ik
1,460.0,0.0,0,ik
1,500.0,0.0,0,collision
1,-500.0,40.0,0,ik
1,-460.0,40.0,0,approach
1,-420.0,40.0,0,approach
1,-380.0,40.0,1,ok
1,-340.0,40.0,1,ok
1,-300.0,40.0,1,ok
1,-260.0,40.0,1,ok
1,-220.0,40.0,1,ok
1,-180.0,40.0,1,ok
1,-140.0,40.0,1,ok
1,-100.0,40.0,1,ok
1,-60.0,40.0,1,ok
1,-20.0,40.0,1,ok
1,20.0,40.0,1,ok
1,60.0,40.0,1,ok
1,100.0,40.0,1,ok
1,140.0,40.0,1,ok
1,180.0,40.0,0,collision
1,220.0,40.0,0,collision
1,260.0,40.0,0,ik
1,300.0,40.0,0,ik
1,340.0,40.0,0,ik
1,380.0,40.0,0,ik
1,420.0,40.0,0,ik
1,460.0,40.0,0,collision
1,500.0,40.0,0,collision
1,-500.0,80.0,0,ik
1,-460.0,80.0,0,approach
1,-420.0,80.0,0,approach
1,-380.0,80.0,1,ok
1,-340.0,80.0,1,ok
1,-300.0,80.0,1,ok
1,-260.0,80.0,1,ok
1,-220.0,80.0,1,ok
1,-180.0,80.0,1,ok
1,-140.0,80.0,1,ok
1,-100.0,80.0,1,ok
1,-60.0,80.0,1,ok
1,-20.0,80.0,1,ok
1,20.0,80.0,1,ok
1,60.0,80.0,1,ok
1,100.0,80.0,1,ok
1,140.0,80.0,1,ok
1,180.0,80.0,1,ok
1,220.0,80.0,0,collision
1,260.0,80.0,0,collision
1,300.0,80.0,0,ik
1,340.0,80.0,0,ik
1,380.0,80.0,0,ik
1,420.0,80.0,0,ik
1,460.0,80.0,0,collision
1,500.0,80.0,0,collision
1,-500.0,120.0,0,ik
1,-460.0,120.0,0,approach
1,-420.0,120.0,0,approach
1,-380.0,120.0,1,ok
1,-340.0,120.0,1,ok
1,-300.0,120.0,1,ok
1,-260.0,120.0,1,ok
1,-220.0,120.0,1,ok
1,-180.0,120.0,1,ok
1,-140.0,120.0,1,ok
1,-100.0,120.0,1,ok
1,-60.0,120.0,1,ok
1,-20.0,120.0,1,ok
1,20.0,120.0,1,ok
1,60.0,120.0,1,ok
1,100.0,120.0,1,ok
1,140.0,120.0,1,ok
1,180.0,120.0,1,ok
1,220.0,120.0,0,collision
1,260.0,120.0,0,collision
1,300.0,120.0,0,collision
1,340.0,120.0,0,collision
1,380.0,120.0,0,collision
1,420.0,120.0,0,collision
1,460.0,120.0,0,collision
1,500.0,120.0,1,ok
1,-500.0,160.0,0,ik
1,-460.0,160.0,0,approach
1,-420.0,160.0,0,approach
1,-380.0,160.0,1,ok
1,-340.0,160.0,1,ok
1,-300.0,160.0,1,ok
1,-260.0,160.0,1,ok
1,-220.0,160.0,1,ok
1,-180.0,160.0,1,ok
1,-140.0,160.0,1,ok
1,-100.0,160.0,1,ok
1,-60.0,160.0,1,ok
1,-20.0,160.0,1,ok
1,20.0,160.0,1,ok
1,60.0,160.0,1,ok
1,100.0,160.0,1,ok
1,140.0,160.0,1,ok
1,180.0,160.0,1,ok
1,220.0,160.0,1,ok
1,260.0,160.0,0,collision
1,300.0,160.0,0,collision
1,340.0,160.0,0,collision
1,380.0,160.0,0,collision
1,420.0,160.0,0,collision
1,460.0,160.0,0,collision
1,500.0,160.0,1,ok
1,-500.0,200.0,0,ik
1,-460.0,200.0,0,approach
1,-420.0,200.0,0,approach
1,-380.0,200.0,1,ok
1,-340.0,200.0,1,ok
1,-300.0,200.0,1,ok
1,-260.0,200.0,1,ok
1,-220.0,200.0,1,ok
1,-180.0,200.0,1,ok
1,-140.0,200.0,1,ok
1,-100.0,200.0,1,ok
1,-60.0,200.0,1,ok
1,-20.0,200.0,1,ok
1,20.0,200.0,1,ok
1,60.0,200.0,1,ok
1,100.0,200.0,1,ok
1,140.0,200.0,1,ok
1,180.0,200.0,1,ok
1,220.0,200.0,1,ok
1,260.0,200.0,1,ok
1,300.0,200.0,1,ok
1,340.0,200.0,0,collision
1,380.0,200.0,0,collision
1,420.0,200.0,1,ok
1,460.0,200.0,1,ok
1,500.0,200.0,1,ok
1,-500.0,240.0,0,ik
1,-460.0,240.0,0,approach
1,-420.0,240.0,0,approach
1,-380.0,240.0,0,approach
1,-340.0,240.0,1,ok
1,-300.0,240.0,1,ok
1,-260.0,240.0,1,ok
1,-220.0,240.0,1,ok
1,-180.0,240.0,1,ok
1,-140.0,240.0,1,ok
1,-100.0,240.0,1,ok
1,-60.0,240.0,1,ok
1,-20.0,240.0,1,ok
1,20.0,240.0,1,ok
1,60.0,240.0,1,ok
1,100.0,240.0,1,ok
1,140.0,240.0,1,ok
1,180.0,240.0,1,ok
1,220.0,240.0,1,ok
1,260.0,240.0,1,ok
1,300.0,240.0,1,ok
1,340.0,240.0,1,ok
1,380.0,240.0,1,ok
1,420.0,240.0,1,ok
1,460.0,240.0,1,ok
1,500.0,240.0,1,ok
2,-500.0,-240.0,0,ik
2,-460.0,-240.0,0,ik
2,-420.0,-240.0,0,ik
2,-380.0,-240.0,0,approach
2,-340.0,-240.0,0,approach
2,-300.0,-240.0,0,approach
2,-260.0,-240.0,1,ok
2,-220.0,-240.0,1,ok
2,-180.0,-240.0,1,ok
2,-140.0,-240.0,1,ok
2,-100.0,-240.0,1,ok
2,-60.0,-240.0,1,ok
2,-20.0,-240.0,1,ok
2,20.0,-240.0,1,ok
2,60.0,-240.0,1,ok
2,100.0,-240.0,1,ok
2,140.0,-240.0,1,ok
2,180.0,-240.0,1,ok
2,220.0,-240.0,1,ok
2,260.0,-240.0,1,ok
2,300.0,-240.0,1,ok
2,340.0,-240.0,1,ok
2,380.0,-240.0,1,ok
2,420.0,-240.0,1,ok
2,460.0,-240.0,1,ok
2,500.0,-240.0,1,ok
2,-500.0,-200.0,0,ik
2,-460.0,-200.0,0,ik
2,-420.0,-200.0,0,ik
2,-380.0,-200.0,0,approach
2,-340.0,-200.0,0,approach
2,-300.0,-200.0,0,approach
2,-260.0,-200.0,1,ok
2,-220.0,-200.0,1,ok
2,-180.0,-200.0,1,ok
2,-140.0,-200.0,1,ok
2,-100.0,-200.0,1,ok
2,-60.0,-200.0,1,ok
2,-20.0,-200.0,1,ok
2,20.0,-200.0,1,ok
2,60.0,-200.0,1,ok
2,100.0,-200.0,1,ok
2,140.0,-200.0,1,ok
2,180.0,-200.0,1,ok
2,220.0,-200.0,1,ok
2,260.0,-200.0,1,ok
2,300.0,-200.0,1,ok
2,340.0,-200.0,1,ok
2,380.0,-200.0,1,ok
2,420.0,-200.0,1,ok
2,460.0,-200.0,1,ok
2,500.0,-200.0,1,ok
2,-500.0,-160.0,0,ik
2,-460.0,-160.0,0,ik
2,-420.0,-160.0,0,ik
2,-380.0,-160.0,0,approach
2,-340.0,-160.0,0,approach
2,-300.0,-160.0,0,approach
2,-260.0,-160.0,1,ok
2,-220.0,-160.0,1,ok
2,-180.0,-160.0,1,ok
2,-140.0,-160.0,1,ok
2,-100.0,-160.0,1,ok
2,-60.0,-160.0,1,ok
2,-20.0,-160.0,1,ok
2,20.0,-160.0,1,ok
2,60.0,-160.0,1,ok
2,100.0,-160.0,1,ok
2,140.0,-160.0,1,ok
2,180.0,-160.0,1,ok
2,220.0,-160.0,1,ok
2,260.0,-160.0,1,ok
2,300.0,-160.0,1,ok
2,340.0,-160.0,1,ok
2,380.0,-160.0,0,collision
2,420.0,-160.0,1,ok
2,460.0,-160.0,1,ok
2,500.0,-160.0,1,ok
2,-500.0,-120.0,0,ik
2,-460.0,-120.0,0,ik
2,-420.0,-120.0,0,approach
2,-380.0,-120.0,0,approach
2,-340.0,-120.0,0,approach
2,-300.0,-120.0,0,approach
2,-260.0,-120.0,1,ok
2,-220.0,-120.0,1,ok
2,-180.0,-120.0,1,ok
2,-140.0,-120.0,1,ok
2,-100.0,-120.0,1,ok
2,-60.0,-120.0,1,ok
2,-20.0,-120.0,1,ok
2,20.0,-120.0,1,ok
2,60.0,-120.0,1,ok
2,100.0,-120.0,1,ok
2,140.0,-120.0,1,ok
2,180.0,-120.0,1,ok
2,220.0,-120.0,1,ok
2,260.0,-120.0,0,collision
2,300.0,-120.0,0,collision
2,340.0,-120.0,0,collision
2,380.0,-120.0,0,collision
2,420.0,-120.0,0,collision
2,460.0,-120.0,0,collision
2,500.0,-120.0,1,ok
2,-500.0,-80.0,0,ik
2,-460.0,-80.0,0,ik
2,-420.0,-80.0,0,approach
2,-380.0,-80.0,0,approach
2,-340.0,-80.0,0,approach
2,-300.0,-80.0,1,ok
2,-260.0,-80.0,1,ok
2,-220.0,-80.0,1,ok
2,-180.0,-80.0,1,ok
2,-140.0,-80.0,1,ok
2,-100.0,-80.0,1,ok
2,-60.0,-80.0,1,ok
2,-20.0,-80.0,1,ok
2,20.0,-80.0,1,ok
2,60.0,-80.0,1,ok
2,100.0,-80.0,1,ok
2,140.0,-80.0,1,ok
2,180.0,-80.0,1,ok
2,220.0,-80.0,1,ok
2,260.0,-80.0,0,collision
2,300.0,-80.0,0,ik
2,340.0,-80.0,0,ik
2,380.0,-80.0,0,ik
2,420.0,-80.0,0,ik
2,460.0,-80.0,0,collision
2,500.0,-80.0,1,ok
2,-500.0,-40.0,0,ik
2,-460.0,-40.0,0,ik
2,-420.0,-40.0,0,approach
2,-380.0,-40.0,0,approach
2,-340.0,-40.0,0,approach
2,-300.0,-40.0,1,ok
2,-260.0,-40.0,1,ok
2,-220.0,-40.0,1,ok
2,-180.0,-40.0,1,ok
2,-140.0,-40.0,1,ok
2,-100.0,-40.0,1,ok
2,-60.0,-40.0,1,ok
2,-20.0,-40.0,1,ok
2,20.0,-40.0,1,ok
2,60.0,-40.0,1,ok
2,100.0,-40.0,1,ok
2,140.0,-40.0,1,ok
2,180.0,-40.0,1,ok
2,220.0,-40.0,0,collision
2,260.0,-40.0,0,ik
2,300.0,-40.0,0,ik
2,340.0,-40.0,0,ik
2,380.0,-40.0,0,ik
2,420.0,-40.0,0,ik
2,460.0,-40.0,0,collision
2,500.0,-40.0,0,collision
2,-500.0,0.0,0,ik
2,-460.0,0.0,0,ik
2,-420.0,0.0,0,approach
2,-380.0,0.0,0,approach
2,-340.0,0.0,0,approach
2,-300.0,0.0,1,ok
2,-260.0,0.0,1,ok
2,-220.0,0.0,1,ok
2,-180.0,0.0,1,ok
2,-140.0,0.0,1,ok
2,-100.0,0.0,1,ok
2,-60.0,0.0,1,ok
2,-20.0,0.0,1,ok
2,20.0,0.0,1,ok
2,60.0,0.0,1,ok
2,100.0,0.0,1,ok
2,140.0,0.0,1,ok
2,180.0,0.0,1,ok
2,220.0,0.0,0,collision
2,260.0,0.0,0,ik
2,300.0,0.0,0,ik
2,340.0,0.0,0,ik
2,380.0,0.0,0,ik
2,420.0,0.0,0,ik
2,460.0,0.0,0,ik
2,500.0,0.0,0,collision
2,-500.0,40.0,0,ik
2,-460.0,40.0,0,ik
2,-420.0,40.0,0,approach
2,-380.0,40.0,0,approach
2,-340.0,40.0,0,approach
2,-300.0,40.0,1,ok
2,-260.0,40.0,1,ok
2,-220.0,40.0,1,ok
2,-180.0,40.0,1,ok
2,-140.0,40.0,1,ok
2,-100.0,40.0,1,ok
2,-60.0,40.0,1,ok
2,-20.0,40.0,1,ok
2,20.0,40.0,1,ok
2,60.0,40.0,1,ok
2,100.0,40.0,1,ok
2,140.0,40.0,1,ok
2,180.0,40.0,1,ok
2,220.0,40.0,0,collision
2,260.0,40.0,0,ik
2,300.0,40.0,0,ik
2,340.0,40.0,0,ik
2,380.0,40.0,0,ik
2,420.0,40.0,0,ik
2,460.0,40.0,0,collision
2,500.0,40.0,0,collision
2,-500.0,80.0,0,ik
2,-460.0,80.0,0,ik
2,-420.0,80.0,0,approach
2,-380.0,80.0,0,approach
2,-340.0,80.0,0,approach
2,-300.0,80.0,1,ok
2,-260.0,80.0,1,ok
2,-220.0,80.0,1,ok
2,-180.0,80.0,1,ok
2,-140.0,80.0,1,ok
2,-100.0,80.0,1,ok
2,-60.0,80.0,1,ok
2,-20.0,80.0,1,ok
2,20.0,80.0,1,ok
2,60.0,80.0,1,ok
2,100.0,80.0,1,ok
2,140.0,80.0,1,ok
2,180.0,80.0,1,ok
2,220.0,80.0,1,ok
2,260.0,80.0,0,collision
2,300.0,80.0,0,ik
2,340.0,80.0,0,ik
2,380.0,80.0,0,ik
2,420.0,80.0,0,ik
2,460.0,80.0,0,collision
2,500.0,80.0,1,ok
2,-500.0,120.0,0,ik
2,-460.0,120.0,0,ik
2,-420.0,120.0,0,approach
2,-380.0,120.0,0,approach
2,-340.0,120.0,0,approach
2,-300.0,120.0,0,approach
2,-260.0,120.0,1,ok
2,-220.0,120.0,1,ok
2,-180.0,120.0,1,ok
2,-140.0,120.0,1,ok
2,-100.0,120.0,1,ok
2,-60.0,120.0,1,ok
2,-20.0,120.0,1,ok
2,20.0,120.0,1,ok
2,60.0,120.0,1,ok
2,100.0,120.0,1,ok
2,140.0,120.0,1,ok
2,180.0,120.0,1,ok
2,220.0,120.0,1,ok
2,260.0,120.0,0,collision
2,300.0,120.0,0,collision
2,340.0,120.0,0,collision
2,380.0,120.0,0,collision
2,420.0,120.0,0,collision
2,460.0,120.0,0,collision
2,500.0,120.0,1,ok
2,-500.0,160.0,0,ik
2,-460.0,160.0,0,ik
2,-420.0,160.0,0,ik
2,-380.0,160.0,0,approach
2,-340.0,160.0,0,approach
2,-300.0,160.0,0,approach
2,-260.0,160.0,1,ok
2,-220.0,160.0,1,ok
2,-180.0,160.0,1,ok
2,-140.0,160.0,1,ok
2,-100.0,160.0,1,ok
2,-60.0,160.0,1,ok
2,-20.0,160.0,1,ok
2,20.0,160.0,1,ok
2,60.0,160.0,1,ok
2,100.0,160.0,1,ok
2,140.0,160.0,1,ok
2,180.0,160.0,1,ok
2,220.0,160.0,1,ok
2,260.0,160.0,1,ok
2,300.0,160.0,0,collision
2,340.0,160.0,1,ok
2,380.0,160.0,0,collision
2,420.0,160.0,1,ok
2,460.0,160.0,1,ok
2,500.0,160.0,1,ok
2,-500.0,200.0,0,ik
2,-460.0,200.0,0,ik
2,-420.0,200.0,0,ik
2,-380.0,200.0,0,approach
2,-340.0,200.0,0,approach
2,-300.0,200.0,0,approach
2,-260.0,200.0,1,ok
2,-220.0,200.0,1,ok
2,-180.0,200.0,1,ok
2,-140.0,200.0,1,ok
2,-100.0,200.0,1,ok
2,-60.0,200.0,1,ok
2,-20.0,200.0,1,ok
2,20.0,200.0,1,ok
2,60.0,200.0,1,ok
2,100.0,200.0,1,ok
2,140.0,200.0,1,ok
2,180.0,200.0,1,ok
2,220.0,200.0,1,ok
2,260.0,200.0,1,ok
2,300.0,200.0,1,ok
2,340.0,200.0,1,ok
2,380.0,200.0,1,ok
2,420.0,200.0,1,ok
2,460.0,200.0,1,ok
2,500.0,200.0,1,ok
2,-500.0,240.0,0,ik
2,-460.0,240.0,0,ik
2,-420.0,240.0,0,ik
2,-380.0,240.0,0,approach
2,-340.0,240.0,0,approach
2,-300.0,240.0,0,approach
2,-260.0,240.0,1,ok
2,-220.0,240.0,1,ok
2,-180.0,240.0,1,ok
2,-140.0,240.0,1,ok
2,-100.0,240.0,1,ok
2,-60.0,240.0,1,ok
2,-20.0,240.0,1,ok
2,20.0,240.0,1,ok
2,60.0,240.0,1,ok
2,100.0,240.0,1,ok
2,140.0,240.0,1,ok
2,180.0,240.0,1,ok
2,220.0,240.0,1,ok
2,260.0,240.0,1,ok
2,300.0,240.0,1,ok
2,340.0,240.0,1,ok
2,380.0,240.0,1,ok
2,420.0,240.0,1,ok
2,460.0,240.0,1,ok
2,500.0,240.0,1,ok
