wall_dist,course,u,ok,reason
640.0,0,-1000.0,0,ik
640.0,0,-980.0,0,ik
640.0,0,-960.0,0,ik
640.0,0,-940.0,0,ik
640.0,0,-920.0,0,ik
640.0,0,-900.0,0,ik
640.0,0,-880.0,0,ik
640.0,0,-860.0,0,approach
640.0,0,-840.0,1,ok
640.0,0,-820.0,1,ok
640.0,0,-800.0,1,ok
640.0,0,-780.0,1,ok
640.0,0,-760.0,1,ok
640.0,0,-740.0,1,ok
640.0,0,-720.0,1,ok
640.0,0,-700.0,1,ok
640.0,0,-680.0,1,ok
640.0,0,-660.0,1,ok
640.0,0,-640.0,1,ok
640.0,0,-620.0,1,ok
640.0,0,-600.0,1,ok
640.0,0,-580.0,1,ok
640.0,0,-560.0,1,ok
640.0,0,-540.0,1,ok
640.0,0,-520.0,1,ok
640.0,0,-500.0,1,ok
640.0,0,-480.0,1,ok
640.0,0,-460.0,1,ok
640.0,0,-440.0,1,ok
640.0,0,-420.0,1,ok
640.0,0,-400.0,1,ok
640.0,0,-380.0,1,ok
640.0,0,-360.0,1,ok
640.0,0,-340.0,1,ok
640.0,0,-320.0,1,ok
640.0,0,-300.0,0,collision
640.0,0,-280.0,0,collision
640.0,0,-260.0,0,collision
640.0,0,-240.0,0,collision
640.0,0,-220.0,0,collision
640.0,0,-200.0,0,collision
640.0,0,-180.0,0,collision
640.0,0,-160.0,0,collision
640.0,0,-140.0,0,collision
640.0,0,-120.0,0,collision
640.0,0,-100.0,0,collision
640.0,0,-80.0,0,collision
640.0,0,-60.0,0,collision
640.0,0,-40.0,0,collision
640.0,0,-20.0,0,collision
640.0,0,0.0,0,collision
640.0,0,20.0,0,collision
640.0,0,40.0,0,collision
640.0,0,60.0,0,collision
640.0,0,80.0,0,collision
640.0,0,100.0,0,collision
640.0,0,120.0,0,collision
640.0,0,140.0,0,collision
640.0,0,160.0,0,collision
640.0,0,180.0,0,collision
640.0,0,200.0,0,collision
640.0,0,220.0,0,collision
640.0,0,240.0,0,collision
640.0,0,260.0,0,collision
640.0,0,280.0,0,collision
640.0,0,300.0,0,collision
640.0,0,320.0,1,ok
640.0,0,340.0,1,ok
640.0,0,360.0,1,ok
640.0,0,380.0,1,ok
640.0,0,400.0,1,ok
640.0,0,420.0,1,ok
640.0,0,440.0,1,ok
640.0,0,460.0,1,ok
640.0,0,480.0,1,ok
640.0,0,500.0,1,ok
640.0,0,520.0,1,ok
640.0,0,540.0,1,ok
640.0,0,560.0,1,ok
640.0,0,580.0,1,ok
640.0,0,600.0,1,ok
640.0,0,620.0,1,ok
640.0,0,640.0,1,ok
640.0,0,660.0,1,ok
640.0,0,680.0,1,ok
640.0,0,700.0,1,ok
640.0,0,720.0,1,ok
640.0,0,740.0,1,ok
640.0,0,760.0,1,ok
640.0,0,780.0,1,ok
640.0,0,800.0,1,ok
640.0,0,820.0,1,ok
640.0,0,840.0,1,ok
640.0,0,860.0,0,approach
640.0,0,880.0,0,ik
640.0,0,900.0,0,ik
640.0,0,920.0,0,ik
640.0,0,940.0,0,ik
640.0,0,960.0,0,ik
640.0,0,980.0,0,ik
640.0,0,1000.0,0,ik
640.0,1,-1000.0,0,ik
640.0,1,-980.0,0,ik
640.0,1,-960.0,0,ik
640.0,1,-940.0,0,ik
640.0,1,-920.0,0,ik
640.0,1,-900.0,0,ik
640.0,1,-880.0,0,ik
640.0,1,-860.0,0,approach
640.0,1,-840.0,0,approach
640.0,1,-820.0,1,ok
640.0,1,-800.0,1,ok
640.0,1,-780.0,1,ok
640.0,1,-760.0,1,ok
640.0,1,-740.0,1,ok
640.0,1,-720.0,1,ok
640.0,1,-700.0,1,ok
640.0,1,-680.0,1,ok
640.0,1,-660.0,1,ok
640.0,1,-640.0,1,ok
640.0,1,-620.0,1,ok
640.0,1,-600.0,1,ok
640.0,1,-580.0,1,ok
640.0,1,-560.0,1,ok
640.0,1,-540.0,1,ok
640.0,1,-520.0,1,ok
640.0,1,-500.0,1,ok
640.0,1,-480.0,1,ok
640.0,1,-460.0,1,ok
640.0,1,-440.0,1,ok
640.0,1,-420.0,1,ok
640.0,1,-400.0,1,ok
640.0,1,-380.0,1,ok
640.0,1,-360.0,1,ok
640.0,1,-340.0,1,ok
640.0,1,-320.0,1,ok
640.0,1,-300.0,0,collision
640.0,1,-280.0,0,collision
640.0,1,-260.0,0,collision
640.0,1,-240.0,0,collision
640.0,1,-220.0,0,collision
640.0,1,-200.0,0,collision
640.0,1,-180.0,0,collision
640.0,1,-160.0,0,collision
640.0,1,-140.0,0,collision
640.0,1,-120.0,0,collision
640.0,1,-100.0,0,collision
640.0,1,-80.0,0,collision
640.0,1,-60.0,0,collision
640.0,1,-40.0,0,collision
640.0,1,-20.0,0,collision
640.0,1,0.0,0,collision
640.0,1,20.0,0,collision
640.0,1,40.0,0,collision
640.0,1,60.0,0,collision
640.0,1,80.0,0,collision
640.0,1,100.0,0,collision
640.0,1,120.0,0,collision
640.0,1,140.0,0,collision
640.0,1,160.0,0,collision
640.0,1,180.0,0,collision
640.0,1,200.0,0,collision
640.0,1,220.0,0,collision
640.0,1,240.0,0,collision
640.0,1,260.0,0,collision
640.0,1,280.0,0,collision
640.0,1,300.0,0,collision
640.0,1,320.0,1,ok
640.0,1,340.0,1,ok
640.0,1,360.0,1,ok
640.0,1,380.0,1,ok
640.0,1,400.0,1,ok
640.0,1,420.0,1,ok
640.0,1,440.0,1,ok
640.0,1,460.0,1,ok
640.0,1,480.0,1,ok
640.0,1,500.0,1,ok
640.0,1,520.0,1,ok
640.0,1,540.0,1,ok
640.0,1,560.0,1,ok
640.0,1,580.0,1,ok
640.0,1,600.0,1,ok
640.0,1,620.0,1,ok
640.0,1,640.0,1,ok
640.0,1,660.0,1,ok
640.0,1,680.0,1,ok
640.0,1,700.0,1,ok
640.0,1,720.0,1,ok
640.0,1,740.0,1,ok
640.0,1,760.0,1,ok
640.0,1,780.0,1,ok
640.0,1,800.0,1,ok
640.0,1,820.0,1,ok
640.0,1,840.0,0,approach
640.0,1,860.0,0,approach
640.0,1,880.0,0,ik
640.0,1,900.0,0,ik
640.0,1,920.0,0,ik
640.0,1,940.0,0,ik
640.0,1,960.0,0,ik
640.0,1,980.0,0,ik
640.0,1,1000.0,0,ik
640.0,2,-1000.0,0,ik
640.0,2,-980.0,0,ik
640.0,2,-960.0,0,ik
640.0,2,-940.0,0,ik
640.0,2,-920.0,0,ik
640.0,2,-900.0,0,ik
640.0,2,-880.0,0,ik
640.0,2,-860.0,0,ik
640.0,2,-840.0,0,ik
640.0,2,-820.0,0,approach
640.0,2,-800.0,0,approach
640.0,2,-780.0,0,approach
640.0,2,-760.0,1,ok
640.0,2,-740.0,1,ok
640.0,2,-720.0,1,ok
640.0,2,-700.0,1,ok
640.0,2,-680.0,1,ok
640.0,2,-660.0,1,ok
640.0,2,-640.0,1,ok
640.0,2,-620.0,1,ok
640.0,2,-600.0,1,ok
640.0,2,-580.0,1,ok
640.0,2,-560.0,1,ok
640.0,2,-540.0,1,ok
640.0,2,-520.0,1,ok
640.0,2,-500.0,1,ok
640.0,2,-480.0,1,ok
640.0,2,-460.0,1,ok
640.0,2,-440.0,1,ok
640.0,2,-420.0,1,ok
640.0,2,-400.0,1,ok
640.0,2,-380.0,1,ok
640.0,2,-360.0,1,ok
640.0,2,-340.0,1,ok
640.0,2,-320.0,1,ok
640.0,2,-300.0,1,ok
640.0,2,-280.0,1,ok
640.0,2,-260.0,1,ok
640.0,2,-240.0,1,ok
640.0,2,-220.0,1,ok
640.0,2,-200.0,1,ok
640.0,2,-180.0,1,ok
640.0,2,-160.0,1,ok
640.0,2,-140.0,1,ok
640.0,2,-120.0,1,ok
640.0,2,-100.0,1,ok
640.0,2,-80.0,1,ok
640.0,2,-60.0,1,ok
640.0,2,-40.0,1,ok
640.0,2,-20.0,1,ok
640.0,2,0.0,1,ok
640.0,2,20.0,1,ok
640.0,2,40.0,1,ok
640.0,2,60.0,1,ok
640.0,2,80.0,1,ok
640.0,2,100.0,1,ok
640.0,2,120.0,1,ok
640.0,2,140.0,1,ok
640.0,2,160.0,1,ok
640.0,2,180.0,1,ok
640.0,2,200.0,1,ok
640.0,2,220.0,1,ok
640.0,2,240.0,1,ok
640.0,2,260.0,1,ok
640.0,2,280.0,1,ok
640.0,2,300.0,1,ok
640.0,2,320.0,1,ok
640.0,2,340.0,1,ok
640.0,2,360.0,1,ok
640.0,2,380.0,1,ok
640.0,2,400.0,1,ok
640.0,2,420.0,1,ok
640.0,2,440.0,1,ok
640.0,2,460.0,1,ok
640.0,2,480.0,1,ok
640.0,2,500.0,1,ok
640.0,2,520.0,1,ok
640.0,2,540.0,1,ok
640.0,2,560.0,1,ok
640.0,2,580.0,1,ok
640.0,2,600.0,1,ok
640.0,2,620.0,1,ok
640.0,2,640.0,1,ok
640.0,2,660.0,1,ok
640.0,2,680.0,1,ok
640.0,2,700.0,1,ok
640.0,2,720.0,1,ok
640.0,2,740.0,1,ok
640.0,2,760.0,1,ok
640.0,2,780.0,0,approach
640.0,2,800.0,0,approach
640.0,2,820.0,0,approach
640.0,2,840.0,0,ik
640.0,2,860.0,0,ik
640.0,2,880.0,0,ik
640.0,2,900.0,0,ik
640.0,2,920.0,0,ik
640.0,2,940.0,0,ik
640.0,2,960.0,0,ik
640.0,2,980.0,0,ik
640.0,2,1000.0,0,ik
690.0,0,-1000.0,0,ik
690.0,0,-980.0,0,ik
690.0,0,-960.0,0,ik
690.0,0,-940.0,0,ik
690.0,0,-920.0,0,ik
690.0,0,-900.0,0,ik
690.0,0,-880.0,0,ik
690.0,0,-860.0,0,ik
690.0,0,-840.0,1,ok
690.0,0,-820.0,1,ok
690.0,0,-800.0,1,ok
690.0,0,-780.0,1,ok
690.0,0,-760.0,1,ok
690.0,0,-740.0,1,ok
690.0,0,-720.0,1,ok
690.0,0,-700.0,1,ok
690.0,0,-680.0,1,ok
690.0,0,-660.0,1,ok
690.0,0,-640.0,1,ok
690.0,0,-620.0,1,ok
690.0,0,-600.0,1,ok
690.0,0,-580.0,1,ok
690.0,0,-560.0,1,ok
690.0,0,-540.0,1,ok
690.0,0,-520.0,1,ok
690.0,0,-500.0,1,ok
690.0,0,-480.0,1,ok
690.0,0,-460.0,1,ok
690.0,0,-440.0,1,ok
690.0,0,-420.0,1,ok
690.0,0,-400.0,1,ok
690.0,0,-380.0,1,ok
690.0,0,-360.0,1,ok
690.0,0,-340.0,1,ok
690.0,0,-320.0,1,ok
690.0,0,-300.0,1,ok
690.0,0,-280.0,1,ok
690.0,0,-260.0,1,ok
690.0,0,-240.0,1,ok
690.0,0,-220.0,1,ok
690.0,0,-200.0,1,ok
690.0,0,-180.0,1,ok
690.0,0,-160.0,1,ok
690.0,0,-140.0,1,ok
690.0,0,-120.0,1,ok
690.0,0,-100.0,1,ok
690.0,0,-80.0,1,ok
690.0,0,-60.0,1,ok
690.0,0,-40.0,1,ok
690.0,0,-20.0,1,ok
690.0,0,0.0,1,ok
690.0,0,20.0,1,ok
690.0,0,40.0,1,ok
690.0,0,60.0,1,ok
690.0,0,80.0,1,ok
690.0,0,100.0,1,ok
690.0,0,120.0,1,ok
690.0,0,140.0,1,ok
690.0,0,160.0,1,ok
690.0,0,180.0,1,ok
690.0,0,200.0,1,ok
690.0,0,220.0,1,ok
690.0,0,240.0,1,ok
690.0,0,260.0,1,ok
690.0,0,280.0,1,ok
690.0,0,300.0,1,ok
690.0,0,320.0,1,ok
690.0,0,340.0,1,ok
690.0,0,360.0,1,ok
690.0,0,380.0,1,ok
690.0,0,400.0,1,ok
690.0,0,420.0,1,ok
690.0,0,440.0,1,ok
690.0,0,460.0,1,ok
690.0,0,480.0,1,ok
690.0,0,500.0,1,ok
690.0,0,520.0,1,ok
690.0,0,540.0,1,ok
690.0,0,560.0,1,ok
690.0,0,580.0,1,ok
690.0,0,600.0,1,ok
690.0,0,620.0,1,ok
690.0,0,640.0,1,ok
690.0,0,660.0,1,ok
690.0,0,680.0,1,ok
690.0,0,700.0,1,ok
690.0,0,720.0,1,ok
690.0,0,740.0,1,ok
690.0,0,760.0,1,ok
690.0,0,780.0,1,ok
690.0,0,800.0,1,ok
690.0,0,820.0,1,ok
690.0,0,840.0,1,ok
690.0,0,860.0,0,ik
690.0,0,880.0,0,ik
690.0,0,900.0,0,ik
690.0,0,920.0,0,ik
690.0,0,940.0,0,ik
690.0,0,960.0,0,ik
690.0,0,980.0,0,ik
690.0,0,1000.0,0,ik
690.0,1,-1000.0,0,ik
690.0,1,-980.0,0,ik
690.0,1,-960.0,0,ik
690.0,1,-940.0,0,ik
690.0,1,-920.0,0,ik
690.0,1,-900.0,0,ik
690.0,1,-880.0,0,ik
690.0,1,-860.0,0,ik
690.0,1,-840.0,0,approach
690.0,1,-820.0,0,approach
690.0,1,-800.0,1,ok
690.0,1,-780.0,1,ok
690.0,1,-760.0,1,ok
690.0,1,-740.0,1,ok
690.0,1,-720.0,1,ok
690.0,1,-700.0,1,ok
690.0,1,-680.0,1,ok
690.0,1,-660.0,1,ok
690.0,1,-640.0,1,ok
690.0,1,-620.0,1,ok
690.0,1,-600.0,1,ok
690.0,1,-580.0,1,ok
690.0,1,-560.0,1,ok
690.0,1,-540.0,1,ok
690.0,1,-520.0,1,ok
690.0,1,-500.0,1,ok
690.0,1,-480.0,1,ok
690.0,1,-460.0,1,ok
690.0,1,-440.0,1,ok
690.0,1,-420.0,1,ok
690.0,1,-400.0,1,ok
690.0,1,-380.0,1,ok
690.0,1,-360.0,1,ok
690.0,1,-340.0,1,ok
690.0,1,-320.0,1,ok
690.0,1,-300.0,1,ok
690.0,1,-280.0,1,ok
690.0,1,-260.0,1,ok
690.0,1,-240.0,1,ok
690.0,1,-220.0,1,ok
690.0,1,-200.0,1,ok
690.0,1,-180.0,1,ok
690.0,1,-160.0,1,ok
690.0,1,-140.0,1,ok
690.0,1,-120.0,1,ok
690.0,1,-100.0,1,ok
690.0,1,-80.0,1,ok
690.0,1,-60.0,1,ok
690.0,1,-40.0,1,ok
690.0,1,-20.0,1,ok
690.0,1,0.0,1,ok
690.0,1,20.0,1,ok
690.0,1,40.0,1,ok
690.0,1,60.0,1,ok
690.0,1,80.0,1,ok
690.0,1,100.0,1,ok
690.0,1,120.0,1,ok
690.0,1,140.0,1,ok
690.0,1,160.0,1,ok
690.0,1,180.0,1,ok
690.0,1,200.0,1,ok
690.0,1,220.0,1,ok
690.0,1,240.0,1,ok
690.0,1,260.0,1,ok
690.0,1,280.0,1,ok
690.0,1,300.0,1,ok
690.0,1,320.0,1,ok
690.0,1,340.0,1,ok
690.0,1,360.0,1,ok
690.0,1,380.0,1,ok
690.0,1,400.0,1,ok
690.0,1,420.0,1,ok
690.0,1,440.0,1,ok
690.0,1,460.0,1,ok
690.0,1,480.0,1,ok
690.0,1,500.0,1,ok
690.0,1,520.0,1,ok
690.0,1,540.0,1,ok
690.0,1,560.0,1,ok
690.0,1,580.0,1,ok
690.0,1,600.0,1,ok
690.0,1,620.0,1,ok
690.0,1,640.0,1,ok
690.0,1,660.0,1,ok
690.0,1,680.0,1,ok
690.0,1,700.0,1,ok
690.0,1,720.0,1,ok
690.0,1,740.0,1,ok
690.0,1,760.0,1,ok
690.0,1,780.0,1,ok
690.0,1,800.0,1,ok
690.0,1,820.0,0,approach
690.0,1,840.0,0,approach
690.0,1,860.0,0,ik
690.0,1,880.0,0,ik
690.0,1,900.0,0,ik
690.0,1,920.0,0,ik
690.0,1,940.0,0,ik
690.0,1,960.0,0,ik
690.0,1,980.0,0,ik
690.0,1,1000.0,0,ik
690.0,2,-1000.0,0,ik
690.0,2,-980.0,0,ik
690.0,2,-960.0,0,ik
690.0,2,-940.0,0,ik
690.0,2,-920.0,0,ik
690.0,2,-900.0,0,ik
690.0,2,-880.0,0,ik
690.0,2,-860.0,0,ik
690.0,2,-840.0,0,ik
690.0,2,-820.0,0,ik
690.0,2,-800.0,0,approach
690.0,2,-780.0,0,approach
690.0,2,-760.0,0,approach
690.0,2,-740.0,1,ok
690.0,2,-720.0,1,ok
690.0,2,-700.0,1,ok
690.0,2,-680.0,1,ok
690.0,2,-660.0,1,ok
690.0,2,-640.0,1,ok
690.0,2,-620.0,1,ok
690.0,2,-600.0,1,ok
690.0,2,-580.0,1,ok
690.0,2,-560.0,1,ok
690.0,2,-540.0,1,ok
690.0,2,-520.0,1,ok
690.0,2,-500.0,1,ok
690.0,2,-480.0,1,ok
690.0,2,-460.0,1,ok
690.0,2,-440.0,1,ok
690.0,2,-420.0,1,ok
690.0,2,-400.0,1,ok
690.0,2,-380.0,1,ok
690.0,2,-360.0,1,ok
690.0,2,-340.0,1,ok
690.0,2,-320.0,1,ok
690.0,2,-300.0,1,ok
690.0,2,-280.0,1,ok
690.0,2,-260.0,1,ok
690.0,2,-240.0,1,ok
690.0,2,-220.0,1,ok
690.0,2,-200.0,1,ok
690.0,2,-180.0,1,ok
690.0,2,-160.0,1,ok
690.0,2,-140.0,1,ok
690.0,2,-120.0,1,ok
690.0,2,-100.0,1,ok
690.0,2,-80.0,1,ok
690.0,2,-60.0,1,ok
690.0,2,-40.0,1,ok
690.0,2,-20.0,1,ok
690.0,2,0.0,1,ok
690.0,2,20.0,1,ok
690.0,2,40.0,1,ok
690.0,2,60.0,1,ok
690.0,2,80.0,1,ok
690.0,2,100.0,1,ok
690.0,2,120.0,1,ok
690.0,2,140.0,1,ok
690.0,2,160.0,1,ok
690.0,2,180.0,1,ok
690.0,2,200.0,1,ok
690.0,2,220.0,1,ok
690.0,2,240.0,1,ok
690.0,2,260.0,1,ok
690.0,2,280.0,1,ok
690.0,2,300.0,1,ok
690.0,2,320.0,1,ok
690.0,2,340.0,1,ok
690.0,2,360.0,1,ok
690.0,2,380.0,1,ok
690.0,2,400.0,1,ok
690.0,2,420.0,1,ok
690.0,2,440.0,1,ok
690.0,2,460.0,1,ok
690.0,2,480.0,1,ok
690.0,2,500.0,1,ok
690.0,2,520.0,1,ok
690.0,2,540.0,1,ok
690.0,2,560.0,1,ok
690.0,2,580.0,1,ok
690.0,2,600.0,1,ok
690.0,2,620.0,1,ok
690.0,2,640.0,1,ok
690.0,2,660.0,1,ok
690.0,2,680.0,1,ok
690.0,2,700.0,1,ok
690.0,2,720.0,1,ok
690.0,2,740.0,1,ok
690.0,2,760.0,0,approach
690.0,2,780.0,0,approach
690.0,2,800.0,0,approach
690.0,2,820.0,0,ik
690.0,2,840.0,0,ik
690.0,2,860.0,0,ik
690.0,2,880.0,0,ik
690.0,2,900.0,0,ik
690.0,2,920.0,0,ik
690.0,2,940.0,0,ik
690.0,2,960.0,0,ik
690.0,2,980.0,0,ik
690.0,2,1000.0,0,ik
740.0,0,-1000.0,0,ik
740.0,0,-980.0,0,ik
740.0,0,-960.0,0,ik
740.0,0,-940.0,0,ik
740.0,0,-920.0,0,ik
740.0,0,-900.0,0,ik
740.0,0,-880.0,0,ik
740.0,0,-860.0,0,ik
740.0,0,-840.0,0,ik
740.0,0,-820.0,0,approach
740.0,0,-800.0,1,ok
740.0,0,-780.0,1,ok
740.0,0,-760.0,1,ok
740.0,0,-740.0,1,ok
740.0,0,-720.0,1,ok
740.0,0,-700.0,1,ok
740.0,0,-680.0,1,ok
740.0,0,-660.0,1,ok
740.0,0,-640.0,1,ok
740.0,0,-620.0,1,ok
740.0,0,-600.0,1,ok
740.0,0,-580.0,1,ok
740.0,0,-560.0,1,ok
740.0,0,-540.0,1,ok
740.0,0,-520.0,1,ok
740.0,0,-500.0,1,ok
740.0,0,-480.0,1,ok
740.0,0,-460.0,1,ok
740.0,0,-440.0,1,ok
740.0,0,-420.0,1,ok
740.0,0,-400.0,1,ok
740.0,0,-380.0,1,ok
740.0,0,-360.0,1,ok
740.0,0,-340.0,1,ok
740.0,0,-320.0,1,ok
740.0,0,-300.0,1,ok
740.0,0,-280.0,1,ok
740.0,0,-260.0,1,ok
740.0,0,-240.0,1,ok
740.0,0,-220.0,1,ok
740.0,0,-200.0,1,ok
740.0,0,-180.0,1,ok
740.0,0,-160.0,1,ok
740.0,0,-140.0,1,ok
740.0,0,-120.0,1,ok
740.0,0,-100.0,1,ok
740.0,0,-80.0,1,ok
740.0,0,-60.0,1,ok
740.0,0,-40.0,1,ok
740.0,0,-20.0,1,ok
740.0,0,0.0,1,ok
740.0,0,20.0,1,ok
740.0,0,40.0,1,ok
740.0,0,60.0,1,ok
740.0,0,80.0,1,ok
740.0,0,100.0,1,ok
740.0,0,120.0,1,ok
740.0,0,140.0,1,ok
740.0,0,160.0,1,ok
740.0,0,180.0,1,ok
740.0,0,200.0,1,ok
740.0,0,220.0,1,ok
740.0,0,240.0,1,ok
740.0,0,260.0,1,ok
740.0,0,280.0,1,ok
740.0,0,300.0,1,ok
740.0,0,320.0,1,ok
740.0,0,340.0,1,ok
740.0,0,360.0,1,ok
740.0,0,380.0,1,ok
740.0,0,400.0,1,ok
740.0,0,420.0,1,ok
740.0,0,440.0,1,ok
740.0,0,460.0,1,ok
740.0,0,480.0,1,ok
740.0,0,500.0,1,ok
740.0,0,520.0,1,ok
740.0,0,540.0,1,ok
740.0,0,560.0,1,ok
740.0,0,580.0,1,ok
740.0,0,600.0,1,ok
740.0,0,620.0,1,ok
740.0,0,640.0,1,ok
740.0,0,660.0,1,ok
740.0,0,680.0,1,ok
740.0,0,700.0,1,ok
740.0,0,720.0,1,ok
740.0,0,740.0,1,ok
740.0,0,760.0,1,ok
740.0,0,780.0,1,ok
740.0,0,800.0,1,ok
740.0,0,820.0,0,approach
740.0,0,840.0,0,ik
740.0,0,860.0,0,ik
740.0,0,880.0,0,ik
740.0,0,900.0,0,ik
740.0,0,920.0,0,ik
740.0,0,940.0,0,ik
740.0,0,960.0,0,ik
740.0,0,980.0,0,ik
740.0,0,1000.0,0,ik
740.0,1,-1000.0,0,ik
740.0,1,-980.0,0,ik
740.0,1,-960.0,0,ik
740.0,1,-940.0,0,ik
740.0,1,-920.0,0,ik
740.0,1,-900.0,0,ik
740.0,1,-880.0,0,ik
740.0,1,-860.0,0,ik
740.0,1,-840.0,0,ik
740.0,1,-820.0,0,approach
740.0,1,-800.0,0,approach
740.0,1,-780.0,1,ok
740.0,1,-760.0,1,ok
740.0,1,-740.0,1,ok
740.0,1,-720.0,1,ok
740.0,1,-700.0,1,ok
740.0,1,-680.0,1,ok
740.0,1,-660.0,1,ok
740.0,1,-640.0,1,ok
740.0,1,-620.0,1,ok
740.0,1,-600.0,1,ok
740.0,1,-580.0,1,ok
740.0,1,-560.0,1,ok
740.0,1,-540.0,1,ok
740.0,1,-520.0,1,ok
740.0,1,-500.0,1,ok
740.0,1,-480.0,1,ok
740.0,1,-460.0,1,ok
740.0,1,-440.0,1,ok
740.0,1,-420.0,1,ok
740.0,1,-400.0,1,ok
740.0,1,-380.0,1,ok
740.0,1,-360.0,1,ok
740.0,1,-340.0,1,ok
740.0,1,-320.0,1,ok
740.0,1,-300.0,1,ok
740.0,1,-280.0,1,ok
740.0,1,-260.0,1,ok
740.0,1,-240.0,1,ok
740.0,1,-220.0,1,ok
740.0,1,-200.0,1,ok
740.0,1,-180.0,1,ok
740.0,1,-160.0,1,ok
740.0,1,-140.0,1,ok
740.0,1,-120.0,1,ok
740.0,1,-100.0,1,ok
740.0,1,-80.0,1,ok
740.0,1,-60.0,1,ok
740.0,1,-40.0,1,ok
740.0,1,-20.0,1,ok
740.0,1,0.0,1,ok
740.0,1,20.0,1,ok
740.0,1,40.0,1,ok
740.0,1,60.0,1,ok
740.0,1,80.0,1,ok
740.0,1,100.0,1,ok
740.0,1,120.0,1,ok
740.0,1,140.0,1,ok
740.0,1,160.0,1,ok
740.0,1,180.0,1,ok
740.0,1,200.0,1,ok
740.0,1,220.0,1,ok
740.0,1,240.0,1,ok
740.0,1,260.0,1,ok
740.0,1,280.0,1,ok
740.0,1,300.0,1,ok
740.0,1,320.0,1,ok
740.0,1,340.0,1,ok
740.0,1,360.0,1,ok
740.0,1,380.0,1,ok
740.0,1,400.0,1,ok
740.0,1,420.0,1,ok
740.0,1,440.0,1,ok
740.0,1,460.0,1,ok
740.0,1,480.0,1,ok
740.0,1,500.0,1,ok
740.0,1,520.0,1,ok
740.0,1,540.0,1,ok
740.0,1,560.0,1,ok
740.0,1,580.0,1,ok
740.0,1,600.0,1,ok
740.0,1,620.0,1,ok
740.0,1,640.0,1,ok
740.0,1,660.0,1,ok
740.0,1,680.0,1,ok
740.0,1,700.0,1,ok
740.0,1,720.0,1,ok
740.0,1,740.0,1,ok
740.0,1,760.0,1,ok
740.0,1,780.0,1,ok
740.0,1,800.0,0,approach
740.0,1,820.0,0,approach
740.0,1,840.0,0,ik
740.0,1,860.0,0,ik
740.0,1,880.0,0,ik
740.0,1,900.0,0,ik
740.0,1,920.0,0,ik
740.0,1,940.0,0,ik
740.0,1,960.0,0,ik
740.0,1,980.0,0,ik
740.0,1,1000.0,0,ik
740.0,2,-1000.0,0,ik
740.0,2,-980.0,0,ik
740.0,2,-960.0,0,ik
740.0,2,-940.0,0,ik
740.0,2,-920.0,0,ik
740.0,2,-900.0,0,ik
740.0,2,-880.0,0,ik
740.0,2,-860.0,0,ik
740.0,2,-840.0,0,ik
740.0,2,-820.0,0,ik
740.0,2,-800.0,0,ik
740.0,2,-780.0,0,approach
740.0,2,-760.0,0,approach
740.0,2,-740.0,0,approach
740.0,2,-720.0,1,ok
740.0,2,-700.0,1,ok
740.0,2,-680.0,1,ok
740.0,2,-660.0,1,ok
740.0,2,-640.0,1,ok
740.0,2,-620.0,1,ok
740.0,2,-600.0,1,ok
740.0,2,-580.0,1,ok
740.0,2,-560.0,1,ok
740.0,2,-540.0,1,ok
740.0,2,-520.0,1,ok
740.0,2,-500.0,1,ok
740.0,2,-480.0,1,ok
740.0,2,-460.0,1,ok
740.0,2,-440.0,1,ok
740.0,2,-420.0,1,ok
740.0,2,-400.0,1,ok
740.0,2,-380.0,1,ok
740.0,2,-360.0,1,ok
740.0,2,-340.0,1,ok
740.0,2,-320.0,1,ok
740.0,2,-300.0,1,ok
740.0,2,-280.0,1,ok
740.0,2,-260.0,1,ok
740.0,2,-240.0,1,ok
740.0,2,-220.0,1,ok
740.0,2,-200.0,1,ok
740.0,2,-180.0,1,ok
740.0,2,-160.0,1,ok
740.0,2,-140.0,1,ok
740.0,2,-120.0,1,ok
740.0,2,-100.0,1,ok
740.0,2,-80.0,1,ok
740.0,2,-60.0,1,ok
740.0,2,-40.0,1,ok
740.0,2,-20.0,1,ok
740.0,2,0.0,1,ok
740.0,2,20.0,1,ok
740.0,2,40.0,1,ok
740.0,2,60.0,1,ok
740.0,2,80.0,1,ok
740.0,2,100.0,1,ok
740.0,2,120.0,1,ok
740.0,2,140.0,1,ok
740.0,2,160.0,1,ok
740.0,2,180.0,1,ok
740.0,2,200.0,1,ok
740.0,2,220.0,1,ok
740.0,2,240.0,1,ok
740.0,2,260.0,1,ok
740.0,2,280.0,1,ok
740.0,2,300.0,1,ok
740.0,2,320.0,1,ok
740.0,2,340.0,1,ok
740.0,2,360.0,1,ok
740.0,2,380.0,1,ok
740.0,2,400.0,1,ok
740.0,2,420.0,1,ok
740.0,2,440.0,1,ok
740.0,2,460.0,1,ok
740.0,2,480.0,1,ok
740.0,2,500.0,1,ok
740.0,2,520.0,1,ok
740.0,2,540.0,1,ok
740.0,2,560.0,1,ok
740.0,2,580.0,1,ok
740.0,2,600.0,1,ok
740.0,2,620.0,1,ok
740.0,2,640.0,1,ok
740.0,2,660.0,1,ok
740.0,2,680.0,1,ok
740.0,2,700.0,1,ok
740.0,2,720.0,1,ok
740.0,2,740.0,0,approach
740.0,2,760.0,0,approach
740.0,2,780.0,0,approach
740.0,2,800.0,0,ik
740.0,2,820.0,0,ik
740.0,2,840.0,0,ik
740.0,2,860.0,0,ik
740.0,2,880.0,0,ik
740.0,2,900.0,0,ik
740.0,2,920.0,0,ik
740.0,2,940.0,0,ik
740.0,2,960.0,0,ik
740.0,2,980.0,0,ik
740.0,2,1000.0,0,ik
790.0,0,-1000.0,0,ik
790.0,0,-980.0,0,ik
790.0,0,-960.0,0,ik
790.0,0,-940.0,0,ik
790.0,0,-920.0,0,ik
790.0,0,-900.0,0,ik
790.0,0,-880.0,0,ik
790.0,0,-860.0,0,ik
790.0,0,-840.0,0,ik
790.0,0,-820.0,0,ik
790.0,0,-800.0,0,approach
790.0,0,-780.0,1,ok
790.0,0,-760.0,1,ok
790.0,0,-740.0,1,ok
790.0,0,-720.0,1,ok
790.0,0,-700.0,1,ok
790.0,0,-680.0,1,ok
790.0,0,-660.0,1,ok
790.0,0,-640.0,1,ok
790.0,0,-620.0,1,ok
790.0,0,-600.0,1,ok
790.0,0,-580.0,1,ok
790.0,0,-560.0,1,ok
790.0,0,-540.0,1,ok
790.0,0,-520.0,1,ok
790.0,0,-500.0,1,ok
790.0,0,-480.0,1,ok
790.0,0,-460.0,1,ok
790.0,0,-440.0,1,ok
790.0,0,-420.0,1,ok
790.0,0,-400.0,1,ok
790.0,0,-380.0,1,ok
790.0,0,-360.0,1,ok
790.0,0,-340.0,1,ok
790.0,0,-320.0,1,ok
790.0,0,-300.0,1,ok
790.0,0,-280.0,1,ok
790.0,0,-260.0,1,ok
790.0,0,-240.0,1,ok
790.0,0,-220.0,1,ok
790.0,0,-200.0,1,ok
790.0,0,-180.0,1,ok
790.0,0,-160.0,1,ok
790.0,0,-140.0,1,ok
790.0,0,-120.0,1,ok
790.0,0,-100.0,1,ok
790.0,0,-80.0,1,ok
790.0,0,-60.0,1,ok
790.0,0,-40.0,1,ok
790.0,0,-20.0,1,ok
790.0,0,0.0,1,ok
790.0,0,20.0,1,ok
790.0,0,40.0,1,ok
790.0,0,60.0,1,ok
790.0,0,80.0,1,ok
790.0,0,100.0,1,ok
790.0,0,120.0,1,ok
790.0,0,140.0,1,ok
790.0,0,160.0,1,ok
790.0,0,180.0,1,ok
790.0,0,200.0,1,ok
790.0,0,220.0,1,ok
790.0,0,240.0,1,ok
790.0,0,260.0,1,ok
790.0,0,280.0,1,ok
790.0,0,300.0,1,ok
790.0,0,320.0,1,ok
790.0,0,340.0,1,ok
790.0,0,360.0,1,ok
790.0,0,380.0,1,ok
790.0,0,400.0,1,ok
790.0,0,420.0,1,ok
790.0,0,440.0,1,ok
790.0,0,460.0,1,ok
790.0,0,480.0,1,ok
790.0,0,500.0,1,ok
790.0,0,520.0,1,ok
790.0,0,540.0,1,ok
790.0,0,560.0,1,ok
790.0,0,580.0,1,ok
790.0,0,600.0,1,ok
790.0,0,620.0,1,ok
790.0,0,640.0,1,ok
790.0,0,660.0,1,ok
790.0,0,680.0,1,ok
790.0,0,700.0,1,ok
790.0,0,720.0,1,ok
790.0,0,740.0,1,ok
790.0,0,760.0,1,ok
790.0,0,780.0,1,ok
790.0,0,800.0,0,approach
790.0,0,820.0,0,ik
790.0,0,840.0,0,ik
790.0,0,860.0,0,ik
790.0,0,880.0,0,ik
790.0,0,900.0,0,ik
790.0,0,920.0,0,ik
790.0,0,940.0,0,ik
790.0,0,960.0,0,ik
790.0,0,980.0,0,ik
790.0,0,1000.0,0,ik
790.0,1,-1000.0,0,ik
790.0,1,-980.0,0,ik
790.0,1,-960.0,0,ik
790.0,1,-940.0,0,ik
790.0,1,-920.0,0,ik
790.0,1,-900.0,0,ik
790.0,1,-880.0,0,ik
790.0,1,-860.0,0,ik
790.0,1,-840.0,0,ik
790.0,1,-820.0,0,ik
790.0,1,-800.0,0,ik
790.0,1,-780.0,0,approach
790.0,1,-760.0,0,approach
790.0,1,-740.0,1,ok
790.0,1,-720.0,1,ok
790.0,1,-700.0,1,ok
790.0,1,-680.0,1,ok
790.0,1,-660.0,1,ok
790.0,1,-640.0,1,ok
790.0,1,-620.0,1,ok
790.0,1,-600.0,1,ok
790.0,1,-580.0,1,ok
790.0,1,-560.0,1,ok
790.0,1,-540.0,1,ok
790.0,1,-520.0,1,ok
790.0,1,-500.0,1,ok
790.0,1,-480.0,1,ok
790.0,1,-460.0,1,ok
790.0,1,-440.0,1,ok
790.0,1,-420.0,1,ok
790.0,1,-400.0,1,ok
790.0,1,-380.0,1,ok
790.0,1,-360.0,1,ok
790.0,1,-340.0,1,ok
790.0,1,-320.0,1,ok
790.0,1,-300.0,1,ok
790.0,1,-280.0,1,ok
790.0,1,-260.0,1,ok
790.0,1,-240.0,1,ok
790.0,1,-220.0,1,ok
790.0,1,-200.0,1,ok
790.0,1,-180.0,1,ok
790.0,1,-160.0,1,ok
790.0,1,-140.0,1,ok
790.0,1,-120.0,1,ok
790.0,1,-100.0,1,ok
790.0,1,-80.0,1,ok
790.0,1,-60.0,1,ok
790.0,1,-40.0,1,ok
790.0,1,-20.0,1,ok
790.0,1,0.0,1,ok
790.0,1,20.0,1,ok
790.0,1,40.0,1,ok
790.0,1,60.0,1,ok
790.0,1,80.0,1,ok
790.0,1,100.0,1,ok
790.0,1,120.0,1,ok
790.0,1,140.0,1,ok
790.0,1,160.0,1,ok
790.0,1,180.0,1,ok
790.0,1,200.0,1,ok
790.0,1,220.0,1,ok
790.0,1,240.0,1,ok
790.0,1,260.0,1,ok
790.0,1,280.0,1,ok
790.0,1,300.0,1,ok
790.0,1,320.0,1,ok
790.0,1,340.0,1,ok
790.0,1,360.0,1,ok
790.0,1,380.0,1,ok
790.0,1,400.0,1,ok
790.0,1,420.0,1,ok
790.0,1,440.0,1,ok
790.0,1,460.0,1,ok
790.0,1,480.0,1,ok
790.0,1,500.0,1,ok
790.0,1,520.0,1,ok
790.0,1,540.0,1,ok
790.0,1,560.0,1,ok
790.0,1,580.0,1,ok
790.0,1,600.0,1,ok
790.0,1,620.0,1,ok
790.0,1,640.0,1,ok
790.0,1,660.0,1,ok
790.0,1,680.0,1,ok
790.0,1,700.0,1,ok
790.0,1,720.0,1,ok
790.0,1,740.0,1,ok
790.0,1,760.0,0,approach
790.0,1,780.0,0,approach
790.0,1,800.0,0,ik
790.0,1,820.0,0,ik
790.0,1,840.0,0,ik
790.0,1,860.0,0,ik
790.0,1,880.0,0,ik
790.0,1,900.0,0,ik
790.0,1,920.0,0,ik
790.0,1,940.0,0,ik
790.0,1,960.0,0,ik
790.0,1,980.0,0,ik
790.0,1,1000.0,0,ik
790.0,2,-1000.0,0,ik
790.0,2,-980.0,0,ik
790.0,2,-960.0,0,ik
790.0,2,-940.0,0,ik
790.0,2,-920.0,0,ik
790.0,2,-900.0,0,ik
790.0,2,-880.0,0,ik
790.0,2,-860.0,0,ik
790.0,2,-840.0,0,ik
790.0,2,-820.0,0,ik
790.0,2,-800.0,0,ik
790.0,2,-780.0,0,ik
790.0,2,-760.0,0,approach
790.0,2,-740.0,0,approach
790.0,2,-720.0,0,approach
790.0,2,-700.0,1,ok
790.0,2,-680.0,1,ok
790.0,2,-660.0,1,ok
790.0,2,-640.0,1,ok
790.0,2,-620.0,1,ok
790.0,2,-600.0,1,ok
790.0,2,-580.0,1,ok
790.0,2,-560.0,1,ok
790.0,2,-540.0,1,ok
790.0,2,-520.0,1,ok
790.0,2,-500.0,1,ok
790.0,2,-480.0,1,ok
790.0,2,-460.0,1,ok
790.0,2,-440.0,1,ok
790.0,2,-420.0,1,ok
790.0,2,-400.0,1,ok
790.0,2,-380.0,1,ok
790.0,2,-360.0,1,ok
790.0,2,-340.0,1,ok
790.0,2,-320.0,1,ok
790.0,2,-300.0,1,ok
790.0,2,-280.0,1,ok
790.0,2,-260.0,1,ok
790.0,2,-240.0,1,ok
790.0,2,-220.0,1,ok
790.0,2,-200.0,1,ok
790.0,2,-180.0,1,ok
790.0,2,-160.0,1,ok
790.0,2,-140.0,1,ok
790.0,2,-120.0,1,ok
790.0,2,-100.0,1,ok
790.0,2,-80.0,1,ok
790.0,2,-60.0,1,ok
790.0,2,-40.0,1,ok
790.0,2,-20.0,1,ok
790.0,2,0.0,1,ok
790.0,2,20.0,1,ok
790.0,2,40.0,1,ok
790.0,2,60.0,1,ok
790.0,2,80.0,1,ok
790.0,2,100.0,1,ok
790.0,2,120.0,1,ok
790.0,2,140.0,1,ok
790.0,2,160.0,1,ok
790.0,2,180.0,1,ok
790.0,2,200.0,1,ok
790.0,2,220.0,1,ok
790.0,2,240.0,1,ok
790.0,2,260.0,1,ok
790.0,2,280.0,1,ok
790.0,2,300.0,1,ok
790.0,2,320.0,1,ok
790.0,2,340.0,1,ok
790.0,2,360.0,1,ok
790.0,2,380.0,1,ok
790.0,2,400.0,1,ok
790.0,2,420.0,1,ok
790.0,2,440.0,1,ok
790.0,2,460.0,1,ok
790.0,2,480.0,1,ok
790.0,2,500.0,1,ok
790.0,2,520.0,1,ok
790.0,2,540.0,1,ok
790.0,2,560.0,1,ok
790.0,2,580.0,1,ok
790.0,2,600.0,1,ok
790.0,2,620.0,1,ok
790.0,2,640.0,1,ok
790.0,2,660.0,1,ok
790.0,2,680.0,1,ok
790.0,2,700.0,1,ok
790.0,2,720.0,0,approach
790.0,2,740.0,0,approach
790.0,2,760.0,0,approach
790.0,2,780.0,0,ik
790.0,2,800.0,0,ik
790.0,2,820.0,0,ik
790.0,2,840.0,0,ik
790.0,2,860.0,0,ik
790.0,2,880.0,0,ik
790.0,2,900.0,0,ik
790.0,2,920.0,0,ik
790.0,2,940.0,0,ik
790.0,2,960.0,0,ik
790.0,2,980.0,0,ik
790.0,2,1000.0,0,ik
840.0,0,-1000.0,0,ik
840.0,0,-980.0,0,ik
840.0,0,-960.0,0,ik
840.0,0,-940.0,0,ik
840.0,0,-920.0,0,ik
840.0,0,-900.0,0,ik
840.0,0,-880.0,0,ik
840.0,0,-860.0,0,ik
840.0,0,-840.0,0,ik
840.0,0,-820.0,0,ik
840.0,0,-800.0,0,ik
840.0,0,-780.0,0,ik
840.0,0,-760.0,1,ok
840.0,0,-740.0,1,ok
840.0,0,-720.0,1,ok
840.0,0,-700.0,1,ok
840.0,0,-680.0,1,ok
840.0,0,-660.0,1,ok
840.0,0,-640.0,1,ok
840.0,0,-620.0,1,ok
840.0,0,-600.0,1,ok
840.0,0,-580.0,1,ok
840.0,0,-560.0,1,ok
840.0,0,-540.0,1,ok
840.0,0,-520.0,1,ok
840.0,0,-500.0,1,ok
840.0,0,-480.0,1,ok
840.0,0,-460.0,1,ok
840.0,0,-440.0,1,ok
840.0,0,-420.0,1,ok
840.0,0,-400.0,1,ok
840.0,0,-380.0,1,ok
840.0,0,-360.0,1,ok
840.0,0,-340.0,1,ok
840.0,0,-320.0,1,ok
840.0,0,-300.0,1,ok
840.0,0,-280.0,1,ok
840.0,0,-260.0,1,ok
840.0,0,-240.0,1,ok
840.0,0,-220.0,1,ok
840.0,0,-200.0,1,ok
840.0,0,-180.0,1,ok
840.0,0,-160.0,1,ok
840.0,0,-140.0,1,ok
840.0,0,-120.0,1,ok
840.0,0,-100.0,1,ok
840.0,0,-80.0,1,ok
840.0,0,-60.0,1,ok
840.0,0,-40.0,1,ok
840.0,0,-20.0,1,ok
840.0,0,0.0,1,ok
840.0,0,20.0,1,ok
840.0,0,40.0,1,ok
840.0,0,60.0,1,ok
840.0,0,80.0,1,ok
840.0,0,100.0,1,ok
840.0,0,120.0,1,ok
840.0,0,140.0,1,ok
840.0,0,160.0,1,ok
840.0,0,180.0,1,ok
840.0,0,200.0,1,ok
840.0,0,220.0,1,ok
840.0,0,240.0,1,ok
840.0,0,260.0,1,ok
840.0,0,280.0,1,ok
840.0,0,300.0,1,ok
840.0,0,320.0,1,ok
840.0,0,340.0,1,ok
840.0,0,360.0,1,ok
840.0,0,380.0,1,ok
840.0,0,400.0,1,ok
840.0,0,420.0,1,ok
840.0,0,440.0,1,ok
840.0,0,460.0,1,ok
840.0,0,480.0,1,ok
840.0,0,500.0,1,ok
840.0,0,520.0,1,ok
840.0,0,540.0,1,ok
840.0,0,560.0,1,ok
840.0,0,580.0,1,ok
840.0,0,600.0,1,ok
840.0,0,620.0,1,ok
840.0,0,640.0,1,ok
840.0,0,660.0,1,ok
840.0,0,680.0,1,ok
840.0,0,700.0,1,ok
840.0,0,720.0,1,ok
840.0,0,740.0,1,ok
840.0,0,760.0,1,ok
840.0,0,780.0,0,ik
840.0,0,800.0,0,ik
840.0,0,820.0,0,ik
840.0,0,840.0,0,ik
840.0,0,860.0,0,ik
840.0,0,880.0,0,ik
840.0,0,900.0,0,ik
840.0,0,920.0,0,ik
840.0,0,940.0,0,ik
840.0,0,960.0,0,ik
840.0,0,980.0,0,ik
840.0,0,1000.0,0,ik
840.0,1,-1000.0,0,ik
840.0,1,-980.0,0,ik
840.0,1,-960.0,0,ik
840.0,1,-940.0,0,ik
840.0,1,-920.0,0,ik
840.0,1,-900.0,0,ik
840.0,1,-880.0,0,ik
840.0,1,-860.0,0,ik
840.0,1,-840.0,0,ik
840.0,1,-820.0,0,ik
840.0,1,-800.0,0,ik
840.0,1,-780.0,0,ik
840.0,1,-760.0,0,approach
840.0,1,-740.0,0,approach
840.0,1,-720.0,1,ok
840.0,1,-700.0,1,ok
840.0,1,-680.0,1,ok
840.0,1,-660.0,1,ok
840.0,1,-640.0,1,ok
840.0,1,-620.0,1,ok
840.0,1,-600.0,1,ok
840.0,1,-580.0,1,ok
840.0,1,-560.0,1,ok
840.0,1,-540.0,1,ok
840.0,1,-520.0,1,ok
840.0,1,-500.0,1,ok
840.0,1,-480.0,1,ok
840.0,1,-460.0,1,ok
840.0,1,-440.0,1,ok
840.0,1,-420.0,1,ok
840.0,1,-400.0,1,ok
840.0,1,-380.0,1,ok
840.0,1,-360.0,1,ok
840.0,1,-340.0,1,ok
840.0,1,-320.0,1,ok
840.0,1,-300.0,1,ok
840.0,1,-280.0,1,ok
840.0,1,-260.0,1,ok
840.0,1,-240.0,1,ok
840.0,1,-220.0,1,ok
840.0,1,-200.0,1,ok
840.0,1,-180.0,1,ok
840.0,1,-160.0,1,ok
840.0,1,-140.0,1,ok
840.0,1,-120.0,1,ok
840.0,1,-100.0,1,ok
840.0,1,-80.0,1,ok
840.0,1,-60.0,1,ok
840.0,1,-40.0,1,ok
840.0,1,-20.0,1,ok
840.0,1,0.0,1,ok
840.0,1,20.0,1,ok
840.0,1,40.0,1,ok
840.0,1,60.0,1,ok
840.0,1,80.0,1,ok
840.0,1,100.0,1,ok
840.0,1,120.0,1,ok
840.0,1,140.0,1,ok
840.0,1,160.0,1,ok
840.0,1,180.0,1,ok
840.0,1,200.0,1,ok
840.0,1,220.0,1,ok
840.0,1,240.0,1,ok
840.0,1,260.0,1,ok
840.0,1,280.0,1,ok
840.0,1,300.0,1,ok
840.0,1,320.0,1,ok
840.0,1,340.0,1,ok
840.0,1,360.0,1,ok
840.0,1,380.0,1,ok
840.0,1,400.0,1,ok
840.0,1,420.0,1,ok
840.0,1,440.0,1,ok
840.0,1,460.0,1,ok
840.0,1,480.0,1,ok
840.0,1,500.0,1,ok
840.0,1,520.0,1,ok
840.0,1,540.0,1,ok
840.0,1,560.0,1,ok
840.0,1,580.0,1,ok
840.0,1,600.0,1,ok
840.0,1,620.0,1,ok
840.0,1,640.0,1,ok
840.0,1,660.0,1,ok
840.0,1,680.0,1,ok
840.0,1,700.0,1,ok
840.0,1,720.0,1,ok
840.0,1,740.0,0,approach
840.0,1,760.0,0,approach
840.0,1,780.0,0,ik
840.0,1,800.0,0,ik
840.0,1,820.0,0,ik
840.0,1,840.0,0,ik
840.0,1,860.0,0,ik
840.0,1,880.0,0,ik
840.0,1,900.0,0,ik
840.0,1,920.0,0,ik
840.0,1,940.0,0,ik
840.0,1,960.0,0,ik
840.0,1,980.0,0,ik
840.0,1,1000.0,0,ik
840.0,2,-1000.0,0,ik
840.0,2,-980.0,0,ik
840.0,2,-960.0,0,ik
840.0,2,-940.0,0,ik
840.0,2,-920.0,0,ik
840.0,2,-900.0,0,ik
840.0,2,-880.0,0,ik
840.0,2,-860.0,0,ik
840.0,2,-840.0,0,ik
840.0,2,-820.0,0,ik
840.0,2,-800.0,0,ik
840.0,2,-780.0,0,ik
840.0,2,-760.0,0,ik
840.0,2,-740.0,0,approach
840.0,2,-720.0,0,approach
840.0,2,-700.0,0,approach
840.0,2,-680.0,0,approach
840.0,2,-660.0,1,ok
840.0,2,-640.0,1,ok
840.0,2,-620.0,1,ok
840.0,2,-600.0,1,ok
840.0,2,-580.0,1,ok
840.0,2,-560.0,1,ok
840.0,2,-540.0,1,ok
840.0,2,-520.0,1,ok
840.0,2,-500.0,1,ok
840.0,2,-480.0,1,ok
840.0,2,-460.0,1,ok
840.0,2,-440.0,1,ok
840.0,2,-420.0,1,ok
840.0,2,-400.0,1,ok
840.0,2,-380.0,1,ok
840.0,2,-360.0,1,ok
840.0,2,-340.0,1,ok
840.0,2,-320.0,1,ok
840.0,2,-300.0,1,ok
840.0,2,-280.0,1,ok
840.0,2,-260.0,1,ok
840.0,2,-240.0,1,ok
840.0,2,-220.0,1,ok
840.0,2,-200.0,1,ok
840.0,2,-180.0,1,ok
840.0,2,-160.0,1,ok
840.0,2,-140.0,1,ok
840.0,2,-120.0,1,ok
840.0,2,-100.0,1,ok
840.0,2,-80.0,1,ok
840.0,2,-60.0,1,ok
840.0,2,-40.0,1,ok
840.0,2,-20.0,1,ok
840.0,2,0.0,1,ok
840.0,2,20.0,1,ok
840.0,2,40.0,1,ok
840.0,2,60.0,1,ok
840.0,2,80.0,1,ok
840.0,2,100.0,1,ok
840.0,2,120.0,1,ok
840.0,2,140.0,1,ok
840.0,2,160.0,1,ok
840.0,2,180.0,1,ok
840.0,2,200.0,1,ok
840.0,2,220.0,1,ok
840.0,2,240.0,1,ok
840.0,2,260.0,1,ok
840.0,2,280.0,1,ok
840.0,2,300.0,1,ok
840.0,2,320.0,1,ok
840.0,2,340.0,1,ok
840.0,2,360.0,1,ok
840.0,2,380.0,1,ok
840.0,2,400.0,1,ok
840.0,2,420.0,1,ok
840.0,2,440.0,1,ok
840.0,2,460.0,1,ok
840.0,2,480.0,1,ok
840.0,2,500.0,1,ok
840.0,2,520.0,1,ok
840.0,2,540.0,1,ok
840.0,2,560.0,1,ok
840.0,2,580.0,1,ok
840.0,2,600.0,1,ok
840.0,2,620.0,1,ok
840.0,2,640.0,1,ok
840.0,2,660.0,1,ok
840.0,2,680.0,0,approach
840.0,2,700.0,0,approach
840.0,2,720.0,0,approach
840.0,2,740.0,0,approach
840.0,2,760.0,0,ik
840.0,2,780.0,0,ik
840.0,2,800.0,0,ik
840.0,2,820.0,0,ik
840.0,2,840.0,0,ik
840.0,2,860.0,0,ik
840.0,2,880.0,0,ik
840.0,2,900.0,0,ik
840.0,2,920.0,0,ik
840.0,2,940.0,0,ik
840.0,2,960.0,0,ik
840.0,2,980.0,0,ik
840.0,2,1000.0,0,ik
890.0,0,-1000.0,0,ik
890.0,0,-980.0,0,ik
890.0,0,-960.0,0,ik
890.0,0,-940.0,0,ik
890.0,0,-920.0,0,ik
890.0,0,-900.0,0,ik
890.0,0,-880.0,0,ik
890.0,0,-860.0,0,ik
890.0,0,-840.0,0,ik
890.0,0,-820.0,0,ik
890.0,0,-800.0,0,ik
890.0,0,-780.0,0,ik
890.0,0,-760.0,0,ik
890.0,0,-740.0,0,approach
890.0,0,-720.0,1,ok
890.0,0,-700.0,1,ok
890.0,0,-680.0,1,ok
890.0,0,-660.0,1,ok
890.0,0,-640.0,1,ok
890.0,0,-620.0,1,ok
890.0,0,-600.0,1,ok
890.0,0,-580.0,1,ok
890.0,0,-560.0,1,ok
890.0,0,-540.0,1,ok
890.0,0,-520.0,1,ok
890.0,0,-500.0,1,ok
890.0,0,-480.0,1,ok
890.0,0,-460.0,1,ok
890.0,0,-440.0,1,ok
890.0,0,-420.0,1,ok
890.0,0,-400.0,1,ok
890.0,0,-380.0,1,ok
890.0,0,-360.0,1,ok
890.0,0,-340.0,1,ok
890.0,0,-320.0,1,ok
890.0,0,-300.0,1,ok
890.0,0,-280.0,1,ok
890.0,0,-260.0,1,ok
890.0,0,-240.0,1,ok
890.0,0,-220.0,1,ok
890.0,0,-200.0,1,ok
890.0,0,-180.0,1,ok
890.0,0,-160.0,1,ok
890.0,0,-140.0,1,ok
890.0,0,-120.0,1,ok
890.0,0,-100.0,1,ok
890.0,0,-80.0,1,ok
890.0,0,-60.0,1,ok
890.0,0,-40.0,1,ok
890.0,0,-20.0,1,ok
890.0,0,0.0,1,ok
890.0,0,20.0,1,ok
890.0,0,40.0,1,ok
890.0,0,60.0,1,ok
890.0,0,80.0,1,ok
890.0,0,100.0,1,ok
890.0,0,120.0,1,ok
890.0,0,140.0,1,ok
890.0,0,160.0,1,ok
890.0,0,180.0,1,ok
890.0,0,200.0,1,ok
890.0,0,220.0,1,ok
890.0,0,240.0,1,ok
890.0,0,260.0,1,ok
890.0,0,280.0,1,ok
890.0,0,300.0,1,ok
890.0,0,320.0,1,ok
890.0,0,340.0,1,ok
890.0,0,360.0,1,ok
890.0,0,380.0,1,ok
890.0,0,400.0,1,ok
890.0,0,420.0,1,ok
890.0,0,440.0,1,ok
890.0,0,460.0,1,ok
890.0,0,480.0,1,ok
890.0,0,500.0,1,ok
890.0,0,520.0,1,ok
890.0,0,540.0,1,ok
890.0,0,560.0,1,ok
890.0,0,580.0,1,ok
890.0,0,600.0,1,ok
890.0,0,620.0,1,ok
890.0,0,640.0,1,ok
890.0,0,660.0,1,ok
890.0,0,680.0,1,ok
890.0,0,700.0,1,ok
890.0,0,720.0,1,ok
890.0,0,740.0,0,approach
890.0,0,760.0,0,ik
890.0,0,780.0,0,ik
890.0,0,800.0,0,ik
890.0,0,820.0,0,ik
890.0,0,840.0,0,ik
890.0,0,860.0,0,ik
890.0,0,880.0,0,ik
890.0,0,900.0,0,ik
890.0,0,920.0,0,ik
890.0,0,940.0,0,ik
890.0,0,960.0,0,ik
890.0,0,980.0,0,ik
890.0,0,1000.0,0,ik
890.0,1,-1000.0,0,ik
890.0,1,-980.0,0,ik
890.0,1,-960.0,0,ik
890.0,1,-940.0,0,ik
890.0,1,-920.0,0,ik
890.0,1,-900.0,0,ik
890.0,1,-880.0,0,ik
890.0,1,-860.0,0,ik
890.0,1,-840.0,0,ik
890.0,1,-820.0,0,ik
890.0,1,-800.0,0,ik
890.0,1,-780.0,0,ik
890.0,1,-760.0,0,ik
890.0,1,-740.0,0,ik
890.0,1,-720.0,0,approach
890.0,1,-700.0,0,approach
890.0,1,-680.0,1,ok
890.0,1,-660.0,1,ok
890.0,1,-640.0,1,ok
890.0,1,-620.0,1,ok
890.0,1,-600.0,1,ok
890.0,1,-580.0,1,ok
890.0,1,-560.0,1,ok
890.0,1,-540.0,1,ok
890.0,1,-520.0,1,ok
890.0,1,-500.0,1,ok
890.0,1,-480.0,1,ok
890.0,1,-460.0,1,ok
890.0,1,-440.0,1,ok
890.0,1,-420.0,1,ok
890.0,1,-400.0,1,ok
890.0,1,-380.0,1,ok
890.0,1,-360.0,1,ok
890.0,1,-340.0,1,ok
890.0,1,-320.0,1,ok
890.0,1,-300.0,1,ok
890.0,1,-280.0,1,ok
890.0,1,-260.0,1,ok
890.0,1,-240.0,1,ok
890.0,1,-220.0,1,ok
890.0,1,-200.0,1,ok
890.0,1,-180.0,1,ok
890.0,1,-160.0,1,ok
890.0,1,-140.0,1,ok
890.0,1,-120.0,1,ok
890.0,1,-100.0,1,ok
890.0,1,-80.0,1,ok
890.0,1,-60.0,1,ok
890.0,1,-40.0,1,ok
890.0,1,-20.0,1,ok
890.0,1,0.0,1,ok
890.0,1,20.0,1,ok
890.0,1,40.0,1,ok
890.0,1,60.0,1,ok
890.0,1,80.0,1,ok
890.0,1,100.0,1,ok
890.0,1,120.0,1,ok
890.0,1,140.0,1,ok
890.0,1,160.0,1,ok
890.0,1,180.0,1,ok
890.0,1,200.0,1,ok
890.0,1,220.0,1,ok
890.0,1,240.0,1,ok
890.0,1,260.0,1,ok
890.0,1,280.0,1,ok
890.0,1,300.0,1,ok
890.0,1,320.0,1,ok
890.0,1,340.0,1,ok
890.0,1,360.0,1,ok
890.0,1,380.0,1,ok
890.0,1,400.0,1,ok
890.0,1,420.0,1,ok
890.0,1,440.0,1,ok
890.0,1,460.0,1,ok
890.0,1,480.0,1,ok
890.0,1,500.0,1,ok
890.0,1,520.0,1,ok
890.0,1,540.0,1,ok
890.0,1,560.0,1,ok
890.0,1,580.0,1,ok
890.0,1,600.0,1,ok
890.0,1,620.0,1,ok
890.0,1,640.0,1,ok
890.0,1,660.0,1,ok
890.0,1,680.0,1,ok
890.0,1,700.0,0,approach
890.0,1,720.0,0,approach
890.0,1,740.0,0,ik
890.0,1,760.0,0,ik
890.0,1,780.0,0,ik
890.0,1,800.0,0,ik
890.0,1,820.0,0,ik
890.0,1,840.0,0,ik
890.0,1,860.0,0,ik
890.0,1,880.0,0,ik
890.0,1,900.0,0,ik
890.0,1,920.0,0,ik
890.0,1,940.0,0,ik
890.0,1,960.0,0,ik
890.0,1,980.0,0,ik
890.0,1,1000.0,0,ik
890.0,2,-1000.0,0,ik
890.0,2,-980.0,0,ik
890.0,2,-960.0,0,ik
890.0,2,-940.0,0,ik
890.0,2,-920.0,0,ik
890.0,2,-900.0,0,ik
890.0,2,-880.0,0,ik
890.0,2,-860.0,0,ik
890.0,2,-840.0,0,ik
890.0,2,-820.0,0,ik
890.0,2,-800.0,0,ik
890.0,2,-780.0,0,ik
890.0,2,-760.0,0,ik
890.0,2,-740.0,0,ik
890.0,2,-720.0,0,ik
890.0,2,-700.0,0,approach
890.0,2,-680.0,0,approach
890.0,2,-660.0,0,approach
890.0,2,-640.0,0,approach
890.0,2,-620.0,1,ok
890.0,2,-600.0,1,ok
890.0,2,-580.0,1,ok
890.0,2,-560.0,1,ok
890.0,2,-540.0,1,ok
890.0,2,-520.0,1,ok
890.0,2,-500.0,1,ok
890.0,2,-480.0,1,ok
890.0,2,-460.0,1,ok
890.0,2,-440.0,1,ok
890.0,2,-420.0,1,ok
890.0,2,-400.0,1,ok
890.0,2,-380.0,1,ok
890.0,2,-360.0,1,ok
890.0,2,-340.0,1,ok
890.0,2,-320.0,1,ok
890.0,2,-300.0,1,ok
890.0,2,-280.0,1,ok
890.0,2,-260.0,1,ok
890.0,2,-240.0,1,ok
890.0,2,-220.0,1,ok
890.0,2,-200.0,1,ok
890.0,2,-180.0,1,ok
890.0,2,-160.0,1,ok
890.0,2,-140.0,1,ok
890.0,2,-120.0,1,ok
890.0,2,-100.0,1,ok
890.0,2,-80.0,1,ok
890.0,2,-60.0,1,ok
890.0,2,-40.0,1,ok
890.0,2,-20.0,1,ok
890.0,2,0.0,1,ok
890.0,2,20.0,1,ok
890.0,2,40.0,1,ok
890.0,2,60.0,1,ok
890.0,2,80.0,1,ok
890.0,2,100.0,1,ok
890.0,2,120.0,1,ok
890.0,2,140.0,1,ok
890.0,2,160.0,1,ok
890.0,2,180.0,1,ok
890.0,2,200.0,1,ok
890.0,2,220.0,1,ok
890.0,2,240.0,1,ok
890.0,2,260.0,1,ok
890.0,2,280.0,1,ok
890.0,2,300.0,1,ok
890.0,2,320.0,1,ok
890.0,2,340.0,1,ok
890.0,2,360.0,1,ok
890.0,2,380.0,1,ok
890.0,2,400.0,1,ok
890.0,2,420.0,1,ok
890.0,2,440.0,1,ok
890.0,2,460.0,1,ok
890.0,2,480.0,1,ok
890.0,2,500.0,1,ok
890.0,2,520.0,1,ok
890.0,2,540.0,1,ok
890.0,2,560.0,1,ok
890.0,2,580.0,1,ok
890.0,2,600.0,1,ok
890.0,2,620.0,1,ok
890.0,2,640.0,0,approach
890.0,2,660.0,0,approach
890.0,2,680.0,0,approach
890.0,2,700.0,0,approach
890.0,2,720.0,0,ik
890.0,2,740.0,0,ik
890.0,2,760.0,0,ik
890.0,2,780.0,0,ik
890.0,2,800.0,0,ik
890.0,2,820.0,0,ik
890.0,2,840.0,0,ik
890.0,2,860.0,0,ik
890.0,2,880.0,0,ik
890.0,2,900.0,0,ik
890.0,2,920.0,0,ik
890.0,2,940.0,0,ik
890.0,2,960.0,0,ik
890.0,2,980.0,0,ik
890.0,2,1000.0,0,ik
940.0,0,-1000.0,0,ik
940.0,0,-980.0,0,ik
940.0,0,-960.0,0,ik
940.0,0,-940.0,0,ik
940.0,0,-920.0,0,ik
940.0,0,-900.0,0,ik
940.0,0,-880.0,0,ik
940.0,0,-860.0,0,ik
940.0,0,-840.0,0,ik
940.0,0,-820.0,0,ik
940.0,0,-800.0,0,ik
940.0,0,-780.0,0,ik
940.0,0,-760.0,0,ik
940.0,0,-740.0,0,ik
940.0,0,-720.0,0,ik
940.0,0,-700.0,0,approach
940.0,0,-680.0,1,ok
940.0,0,-660.0,1,ok
940.0,0,-640.0,1,ok
940.0,0,-620.0,1,ok
940.0,0,-600.0,1,ok
940.0,0,-580.0,1,ok
940.0,0,-560.0,1,ok
940.0,0,-540.0,1,ok
940.0,0,-520.0,1,ok
940.0,0,-500.0,1,ok
940.0,0,-480.0,1,ok
940.0,0,-460.0,1,ok
940.0,0,-440.0,1,ok
940.0,0,-420.0,1,ok
940.0,0,-400.0,1,ok
940.0,0,-380.0,1,ok
940.0,0,-360.0,1,ok
940.0,0,-340.0,1,ok
940.0,0,-320.0,1,ok
940.0,0,-300.0,1,ok
940.0,0,-280.0,1,ok
940.0,0,-260.0,1,ok
940.0,0,-240.0,1,ok
940.0,0,-220.0,1,ok
940.0,0,-200.0,1,ok
940.0,0,-180.0,1,ok
940.0,0,-160.0,1,ok
940.0,0,-140.0,1,ok
940.0,0,-120.0,1,ok
940.0,0,-100.0,1,ok
940.0,0,-80.0,1,ok
940.0,0,-60.0,1,ok
940.0,0,-40.0,1,ok
940.0,0,-20.0,1,ok
940.0,0,0.0,1,ok
940.0,0,20.0,1,ok
940.0,0,40.0,1,ok
940.0,0,60.0,1,ok
940.0,0,80.0,1,ok
940.0,0,100.0,1,ok
940.0,0,120.0,1,ok
940.0,0,140.0,1,ok
940.0,0,160.0,1,ok
940.0,0,180.0,1,ok
940.0,0,200.0,1,ok
940.0,0,220.0,1,ok
940.0,0,240.0,1,ok
940.0,0,260.0,1,ok
940.0,0,280.0,1,ok
940.0,0,300.0,1,ok
940.0,0,320.0,1,ok
940.0,0,340.0,1,ok
940.0,0,360.0,1,ok
940.0,0,380.0,1,ok
940.0,0,400.0,1,ok
940.0,0,420.0,1,ok
940.0,0,440.0,1,ok
940.0,0,460.0,1,ok
940.0,0,480.0,1,ok
940.0,0,500.0,1,ok
940.0,0,520.0,1,ok
940.0,0,540.0,1,ok
940.0,0,560.0,1,ok
940.0,0,580.0,1,ok
940.0,0,600.0,1,ok
940.0,0,620.0,1,ok
940.0,0,640.0,1,ok
940.0,0,660.0,1,ok
940.0,0,680.0,1,ok
940.0,0,700.0,0,approach
940.0,0,720.0,0,ik
940.0,0,740.0,0,ik
940.0,0,760.0,0,ik
940.0,0,780.0,0,ik
940.0,0,800.0,0,ik
940.0,0,820.0,0,ik
940.0,0,840.0,0,ik
940.0,0,860.0,0,ik
940.0,0,880.0,0,ik
940.0,0,900.0,0,ik
940.0,0,920.0,0,ik
940.0,0,940.0,0,ik
940.0,0,960.0,0,ik
940.0,0,980.0,0,ik
940.0,0,1000.0,0,ik
940.0,1,-1000.0,0,ik
940.0,1,-980.0,0,ik
940.0,1,-960.0,0,ik
940.0,1,-940.0,0,ik
940.0,1,-920.0,0,ik
940.0,1,-900.0,0,ik
940.0,1,-880.0,0,ik
940.0,1,-860.0,0,ik
940.0,1,-840.0,0,ik
940.0,1,-820.0,0,ik
940.0,1,-800.0,0,ik
940.0,1,-780.0,0,ik
940.0,1,-760.0,0,ik
940.0,1,-740.0,0,ik
940.0,1,-720.0,0,ik
940.0,1,-700.0,0,ik
940.0,1,-680.0,0,approach
940.0,1,-660.0,0,approach
940.0,1,-640.0,1,ok
940.0,1,-620.0,1,ok
940.0,1,-600.0,1,ok
940.0,1,-580.0,1,ok
940.0,1,-560.0,1,ok
940.0,1,-540.0,1,ok
940.0,1,-520.0,1,ok
940.0,1,-500.0,1,ok
940.0,1,-480.0,1,ok
940.0,1,-460.0,1,ok
940.0,1,-440.0,1,ok
940.0,1,-420.0,1,ok
940.0,1,-400.0,1,ok
940.0,1,-380.0,1,ok
940.0,1,-360.0,1,ok
940.0,1,-340.0,1,ok
940.0,1,-320.0,1,ok
940.0,1,-300.0,1,ok
940.0,1,-280.0,1,ok
940.0,1,-260.0,1,ok
940.0,1,-240.0,1,ok
940.0,1,-220.0,1,ok
940.0,1,-200.0,1,ok
940.0,1,-180.0,1,ok
940.0,1,-160.0,1,ok
940.0,1,-140.0,1,ok
940.0,1,-120.0,1,ok
940.0,1,-100.0,1,ok
940.0,1,-80.0,1,ok
940.0,1,-60.0,1,ok
940.0,1,-40.0,1,ok
940.0,1,-20.0,1,ok
940.0,1,0.0,1,ok
940.0,1,20.0,1,ok
940.0,1,40.0,1,ok
940.0,1,60.0,1,ok
940.0,1,80.0,1,ok
940.0,1,100.0,1,ok
940.0,1,120.0,1,ok
940.0,1,140.0,1,ok
940.0,1,160.0,1,ok
940.0,1,180.0,1,ok
940.0,1,200.0,1,ok
940.0,1,220.0,1,ok
940.0,1,240.0,1,ok
940.0,1,260.0,1,ok
940.0,1,280.0,1,ok
940.0,1,300.0,1,ok
940.0,1,320.0,1,ok
940.0,1,340.0,1,ok
940.0,1,360.0,1,ok
940.0,1,380.0,1,ok
940.0,1,400.0,1,ok
940.0,1,420.0,1,ok
940.0,1,440.0,1,ok
940.0,1,460.0,1,ok
940.0,1,480.0,1,ok
940.0,1,500.0,1,ok
940.0,1,520.0,1,ok
940.0,1,540.0,1,ok
940.0,1,560.0,1,ok
940.0,1,580.0,1,ok
940.0,1,600.0,1,ok
940.0,1,620.0,1,ok
940.0,1,640.0,1,ok
940.0,1,660.0,0,approach
940.0,1,680.0,0,approach
940.0,1,700.0,0,ik
940.0,1,720.0,0,ik
940.0,1,740.0,0,ik
940.0,1,760.0,0,ik
940.0,1,780.0,0,ik
940.0,1,800.0,0,ik
940.0,1,820.0,0,ik
940.0,1,840.0,0,ik
940.0,1,860.0,0,ik
940.0,1,880.0,0,ik
940.0,1,900.0,0,ik
940.0,1,920.0,0,ik
940.0,1,940.0,0,ik
940.0,1,960.0,0,ik
940.0,1,980.0,0,ik
940.0,1,1000.0,0,ik
940.0,2,-1000.0,0,ik
940.0,2,-980.0,0,ik
940.0,2,-960.0,0,ik
940.0,2,-940.0,0,ik
940.0,2,-920.0,0,ik
940.0,2,-900.0,0,ik
940.0,2,-880.0,0,ik
940.0,2,-860.0,0,ik
940.0,2,-840.0,0,ik
940.0,2,-820.0,0,ik
940.0,2,-800.0,0,ik
940.0,2,-780.0,0,ik
940.0,2,-760.0,0,ik
940.0,2,-740.0,0,ik
940.0,2,-720.0,0,ik
940.0,2,-700.0,0,ik
940.0,2,-680.0,0,ik
940.0,2,-660.0,0,approach
940.0,2,-640.0,0,approach
940.0,2,-620.0,0,approach
940.0,2,-600.0,0,approach
940.0,2,-580.0,1,ok
940.0,2,-560.0,1,ok
940.0,2,-540.0,1,ok
940.0,2,-520.0,1,ok
940.0,2,-500.0,1,ok
940.0,2,-480.0,1,ok
940.0,2,-460.0,1,ok
940.0,2,-440.0,1,ok
940.0,2,-420.0,1,ok
940.0,2,-400.0,1,ok
940.0,2,-380.0,1,ok
940.0,2,-360.0,1,ok
940.0,2,-340.0,1,ok
940.0,2,-320.0,1,ok
940.0,2,-300.0,1,ok
940.0,2,-280.0,1,ok
940.0,2,-260.0,1,ok
940.0,2,-240.0,1,ok
940.0,2,-220.0,1,ok
940.0,2,-200.0,1,ok
940.0,2,-180.0,1,ok
940.0,2,-160.0,1,ok
940.0,2,-140.0,1,ok
940.0,2,-120.0,1,ok
940.0,2,-100.0,1,ok
940.0,2,-80.0,1,ok
940.0,2,-60.0,1,ok
940.0,2,-40.0,1,ok
940.0,2,-20.0,1,ok
940.0,2,0.0,1,ok
940.0,2,20.0,1,ok
940.0,2,40.0,1,ok
940.0,2,60.0,1,ok
940.0,2,80.0,1,ok
940.0,2,100.0,1,ok
940.0,2,120.0,1,ok
940.0,2,140.0,1,ok
940.0,2,160.0,1,ok
940.0,2,180.0,1,ok
940.0,2,200.0,1,ok
940.0,2,220.0,1,ok
940.0,2,240.0,1,ok
940.0,2,260.0,1,ok
940.0,2,280.0,1,ok
940.0,2,300.0,1,ok
940.0,2,320.0,1,ok
940.0,2,340.0,1,ok
940.0,2,360.0,1,ok
940.0,2,380.0,1,ok
940.0,2,400.0,1,ok
940.0,2,420.0,1,ok
940.0,2,440.0,1,ok
940.0,2,460.0,1,ok
940.0,2,480.0,1,ok
940.0,2,500.0,1,ok
940.0,2,520.0,1,ok
940.0,2,540.0,1,ok
940.0,2,560.0,1,ok
940.0,2,580.0,1,ok
940.0,2,600.0,0,approach
940.0,2,620.0,0,approach
940.0,2,640.0,0,approach
940.0,2,660.0,0,approach
940.0,2,680.0,0,ik
940.0,2,700.0,0,ik
940.0,2,720.0,0,ik
940.0,2,740.0,0,ik
940.0,2,760.0,0,ik
940.0,2,780.0,0,ik
940.0,2,800.0,0,ik
940.0,2,820.0,0,ik
940.0,2,840.0,0,ik
940.0,2,860.0,0,ik
940.0,2,880.0,0,ik
940.0,2,900.0,0,ik
940.0,2,920.0,0,ik
940.0,2,940.0,0,ik
940.0,2,960.0,0,ik
940.0,2,980.0,0,ik
940.0,2,1000.0,0,ik
990.0,0,-1000.0,0,ik
990.0,0,-980.0,0,ik
990.0,0,-960.0,0,ik
990.0,0,-940.0,0,ik
990.0,0,-920.0,0,ik
990.0,0,-900.0,0,ik
990.0,0,-880.0,0,ik
990.0,0,-860.0,0,ik
990.0,0,-840.0,0,ik
990.0,0,-820.0,0,ik
990.0,0,-800.0,0,ik
990.0,0,-780.0,0,ik
990.0,0,-760.0,0,ik
990.0,0,-740.0,0,ik
990.0,0,-720.0,0,ik
990.0,0,-700.0,0,ik
990.0,0,-680.0,0,ik
990.0,0,-660.0,0,approach
990.0,0,-640.0,1,ok
990.0,0,-620.0,1,ok
990.0,0,-600.0,1,ok
990.0,0,-580.0,1,ok
990.0,0,-560.0,1,ok
990.0,0,-540.0,1,ok
990.0,0,-520.0,1,ok
990.0,0,-500.0,1,ok
990.0,0,-480.0,1,ok
990.0,0,-460.0,1,ok
990.0,0,-440.0,1,ok
990.0,0,-420.0,1,ok
990.0,0,-400.0,1,ok
990.0,0,-380.0,1,ok
990.0,0,-360.0,1,ok
990.0,0,-340.0,1,ok
990.0,0,-320.0,1,ok
990.0,0,-300.0,1,ok
990.0,0,-280.0,1,ok
990.0,0,-260.0,1,ok
990.0,0,-240.0,1,ok
990.0,0,-220.0,1,ok
990.0,0,-200.0,1,ok
990.0,0,-180.0,1,ok
990.0,0,-160.0,1,ok
990.0,0,-140.0,1,ok
990.0,0,-120.0,1,ok
990.0,0,-100.0,1,ok
990.0,0,-80.0,1,ok
990.0,0,-60.0,1,ok
990.0,0,-40.0,1,ok
990.0,0,-20.0,1,ok
990.0,0,0.0,1,ok
990.0,0,20.0,1,ok
990.0,0,40.0,1,ok
990.0,0,60.0,1,ok
990.0,0,80.0,1,ok
990.0,0,100.0,1,ok
990.0,0,120.0,1,ok
990.0,0,140.0,1,ok
990.0,0,160.0,1,ok
990.0,0,180.0,1,ok
990.0,0,200.0,1,ok
990.0,0,220.0,1,ok
990.0,0,240.0,1,ok
990.0,0,260.0,1,ok
990.0,0,280.0,1,ok
990.0,0,300.0,1,ok
990.0,0,320.0,1,ok
990.0,0,340.0,1,ok
990.0,0,360.0,1,ok
990.0,0,380.0,1,ok
990.0,0,400.0,1,ok
990.0,0,420.0,1,ok
990.0,0,440.0,1,ok
990.0,0,460.0,1,ok
990.0,0,480.0,1,ok
990.0,0,500.0,1,ok
990.0,0,520.0,1,ok
990.0,0,540.0,1,ok
990.0,0,560.0,1,ok
990.0,0,580.0,1,ok
990.0,0,600.0,1,ok
990.0,0,620.0,1,ok
990.0,0,640.0,1,ok
990.0,0,660.0,0,approach
990.0,0,680.0,0,ik
990.0,0,700.0,0,ik
990.0,0,720.0,0,ik
990.0,0,740.0,0,ik
990.0,0,760.0,0,ik
990.0,0,780.0,0,ik
990.0,0,800.0,0,ik
990.0,0,820.0,0,ik
990.0,0,840.0,0,ik
990.0,0,860.0,0,ik
990.0,0,880.0,0,ik
990.0,0,900.0,0,ik
990.0,0,920.0,0,ik
990.0,0,940.0,0,ik
990.0,0,960.0,0,ik
990.0,0,980.0,0,ik
990.0,0,1000.0,0,ik
990.0,1,-1000.0,0,ik
990.0,1,-980.0,0,ik
990.0,1,-960.0,0,ik
990.0,1,-940.0,0,ik
990.0,1,-920.0,0,ik
990.0,1,-900.0,0,ik
990.0,1,-880.0,0,ik
990.0,1,-860.0,0,ik
990.0,1,-840.0,0,ik
990.0,1,-820.0,0,ik
990.0,1,-800.0,0,ik
990.0,1,-780.0,0,ik
990.0,1,-760.0,0,ik
990.0,1,-740.0,0,ik
990.0,1,-720.0,0,ik
990.0,1,-700.0,0,ik
990.0,1,-680.0,0,ik
990.0,1,-660.0,0,ik
990.0,1,-640.0,0,approach
990.0,1,-620.0,0,approach
990.0,1,-600.0,1,ok
990.0,1,-580.0,1,ok
990.0,1,-560.0,1,ok
990.0,1,-540.0,1,ok
990.0,1,-520.0,1,ok
990.0,1,-500.0,1,ok
990.0,1,-480.0,1,ok
990.0,1,-460.0,1,ok
990.0,1,-440.0,1,ok
990.0,1,-420.0,1,ok
990.0,1,-400.0,1,ok
990.0,1,-380.0,1,ok
990.0,1,-360.0,1,ok
990.0,1,-340.0,1,ok
990.0,1,-320.0,1,ok
990.0,1,-300.0,1,ok
990.0,1,-280.0,1,ok
990.0,1,-260.0,1,ok
990.0,1,-240.0,1,ok
990.0,1,-220.0,1,ok
990.0,1,-200.0,1,ok
990.0,1,-180.0,1,ok
990.0,1,-160.0,1,ok
990.0,1,-140.0,1,ok
990.0,1,-120.0,1,ok
990.0,1,-100.0,1,ok
990.0,1,-80.0,1,ok
990.0,1,-60.0,1,ok
990.0,1,-40.0,1,ok
990.0,1,-20.0,1,ok
990.0,1,0.0,1,ok
990.0,1,20.0,1,ok
990.0,1,40.0,1,ok
990.0,1,60.0,1,ok
990.0,1,80.0,1,ok
990.0,1,100.0,1,ok
990.0,1,120.0,1,ok
990.0,1,140.0,1,ok
990.0,1,160.0,1,ok
990.0,1,180.0,1,ok
990.0,1,200.0,1,ok
990.0,1,220.0,1,ok
990.0,1,240.0,1,ok
990.0,1,260.0,1,ok
990.0,1,280.0,1,ok
990.0,1,300.0,1,ok
990.0,1,320.0,1,ok
990.0,1,340.0,1,ok
990.0,1,360.0,1,ok
990.0,1,380.0,1,ok
990.0,1,400.0,1,ok
990.0,1,420.0,1,ok
990.0,1,440.0,1,ok
990.0,1,460.0,1,ok
990.0,1,480.0,1,ok
990.0,1,500.0,1,ok
990.0,1,520.0,1,ok
990.0,1,540.0,1,ok
990.0,1,560.0,1,ok
990.0,1,580.0,1,ok
990.0,1,600.0,1,ok
990.0,1,620.0,0,approach
990.0,1,640.0,0,approach
990.0,1,660.0,0,ik
990.0,1,680.0,0,ik
990.0,1,700.0,0,ik
990.0,1,720.0,0,ik
990.0,1,740.0,0,ik
990.0,1,760.0,0,ik
990.0,1,780.0,0,ik
990.0,1,800.0,0,ik
990.0,1,820.0,0,ik
990.0,1,840.0,0,ik
990.0,1,860.0,0,ik
990.0,1,880.0,0,ik
990.0,1,900.0,0,ik
990.0,1,920.0,0,ik
990.0,1,940.0,0,ik
990.0,1,960.0,0,ik
990.0,1,980.0,0,ik
990.0,1,1000.0,0,ik
990.0,2,-1000.0,0,ik
990.0,2,-980.0,0,ik
990.0,2,-960.0,0,ik
990.0,2,-940.0,0,ik
990.0,2,-920.0,0,ik
990.0,2,-900.0,0,ik
990.0,2,-880.0,0,ik
990.0,2,-860.0,0,ik
990.0,2,-840.0,0,ik
990.0,2,-820.0,0,ik
990.0,2,-800.0,0,ik
990.0,2,-780.0,0,ik
990.0,2,-760.0,0,ik
990.0,2,-740.0,0,ik
990.0,2,-720.0,0,ik
990.0,2,-700.0,0,ik
990.0,2,-680.0,0,ik
990.0,2,-660.0,0,ik
990.0,2,-640.0,0,ik
990.0,2,-620.0,0,ik
990.0,2,-600.0,0,approach
990.0,2,-580.0,0,approach
990.0,2,-560.0,0,approach
990.0,2,-540.0,0,approach
990.0,2,-520.0,1,ok
990.0,2,-500.0,1,ok
990.0,2,-480.0,1,ok
990.0,2,-460.0,1,ok
990.0,2,-440.0,1,ok
990.0,2,-420.0,1,ok
990.0,2,-400.0,1,ok
990.0,2,-380.0,1,ok
990.0,2,-360.0,1,ok
990.0,2,-340.0,1,ok
990.0,2,-320.0,1,ok
990.0,2,-300.0,1,ok
990.0,2,-280.0,1,ok
990.0,2,-260.0,1,ok
990.0,2,-240.0,1,ok
990.0,2,-220.0,1,ok
990.0,2,-200.0,1,ok
990.0,2,-180.0,1,ok
990.0,2,-160.0,1,ok
990.0,2,-140.0,1,ok
990.0,2,-120.0,1,ok
990.0,2,-100.0,1,ok
990.0,2,-80.0,1,ok
990.0,2,-60.0,1,ok
990.0,2,-40.0,1,ok
990.0,2,-20.0,1,ok
990.0,2,0.0,1,ok
990.0,2,20.0,1,ok
990.0,2,40.0,1,ok
990.0,2,60.0,1,ok
990.0,2,80.0,1,ok
990.0,2,100.0,1,ok
990.0,2,120.0,1,ok
990.0,2,140.0,1,ok
990.0,2,160.0,1,ok
990.0,2,180.0,1,ok
990.0,2,200.0,1,ok
990.0,2,220.0,1,ok
990.0,2,240.0,1,ok
990.0,2,260.0,1,ok
990.0,2,280.0,1,ok
990.0,2,300.0,1,ok
990.0,2,320.0,1,ok
990.0,2,340.0,1,ok
990.0,2,360.0,1,ok
990.0,2,380.0,1,ok
990.0,2,400.0,1,ok
990.0,2,420.0,1,ok
990.0,2,440.0,1,ok
990.0,2,460.0,1,ok
990.0,2,480.0,1,ok
990.0,2,500.0,1,ok
990.0,2,520.0,1,ok
990.0,2,540.0,0,approach
990.0,2,560.0,0,approach
990.0,2,580.0,0,approach
990.0,2,600.0,0,approach
990.0,2,620.0,0,ik
990.0,2,640.0,0,ik
990.0,2,660.0,0,ik
990.0,2,680.0,0,ik
990.0,2,700.0,0,ik
990.0,2,720.0,0,ik
990.0,2,740.0,0,ik
990.0,2,760.0,0,ik
990.0,2,780.0,0,ik
990.0,2,800.0,0,ik
990.0,2,820.0,0,ik
990.0,2,840.0,0,ik
990.0,2,860.0,0,ik
990.0,2,880.0,0,ik
990.0,2,900.0,0,ik
990.0,2,920.0,0,ik
990.0,2,940.0,0,ik
990.0,2,960.0,0,ik
990.0,2,980.0,0,ik
990.0,2,1000.0,0,ik
1040.0,0,-1000.0,0,ik
1040.0,0,-980.0,0,ik
1040.0,0,-960.0,0,ik
1040.0,0,-940.0,0,ik
1040.0,0,-920.0,0,ik
1040.0,0,-900.0,0,ik
1040.0,0,-880.0,0,ik
1040.0,0,-860.0,0,ik
1040.0,0,-840.0,0,ik
1040.0,0,-820.0,0,ik
1040.0,0,-800.0,0,ik
1040.0,0,-780.0,0,ik
1040.0,0,-760.0,0,ik
1040.0,0,-740.0,0,ik
1040.0,0,-720.0,0,ik
1040.0,0,-700.0,0,ik
1040.0,0,-680.0,0,ik
1040.0,0,-660.0,0,ik
1040.0,0,-640.0,0,ik
1040.0,0,-620.0,0,ik
1040.0,0,-600.0,0,approach
1040.0,0,-580.0,1,ok
1040.0,0,-560.0,1,ok
1040.0,0,-540.0,1,ok
1040.0,0,-520.0,1,ok
1040.0,0,-500.0,1,ok
1040.0,0,-480.0,1,ok
1040.0,0,-460.0,1,ok
1040.0,0,-440.0,1,ok
1040.0,0,-420.0,1,ok
1040.0,0,-400.0,1,ok
1040.0,0,-380.0,1,ok
1040.0,0,-360.0,1,ok
1040.0,0,-340.0,1,ok
1040.0,0,-320.0,1,ok
1040.0,0,-300.0,1,ok
1040.0,0,-280.0,1,ok
1040.0,0,-260.0,1,ok
1040.0,0,-240.0,1,ok
1040.0,0,-220.0,1,ok
1040.0,0,-200.0,1,ok
1040.0,0,-180.0,1,ok
1040.0,0,-160.0,1,ok
1040.0,0,-140.0,1,ok
1040.0,0,-120.0,1,ok
1040.0,0,-100.0,1,ok
1040.0,0,-80.0,1,ok
1040.0,0,-60.0,1,ok
1040.0,0,-40.0,1,ok
1040.0,0,-20.0,1,ok
1040.0,0,0.0,1,ok
1040.0,0,20.0,1,ok
1040.0,0,40.0,1,ok
1040.0,0,60.0,1,ok
1040.0,0,80.0,1,ok
1040.0,0,100.0,1,ok
1040.0,0,120.0,1,ok
1040.0,0,140.0,1,ok
1040.0,0,160.0,1,ok
1040.0,0,180.0,1,ok
1040.0,0,200.0,1,ok
1040.0,0,220.0,1,ok
1040.0,0,240.0,1,ok
1040.0,0,260.0,1,ok
1040.0,0,280.0,1,ok
1040.0,0,300.0,1,ok
1040.0,0,320.0,1,ok
1040.0,0,340.0,1,ok
1040.0,0,360.0,1,ok
1040.0,0,380.0,1,ok
1040.0,0,400.0,1,ok
1040.0,0,420.0,1,ok
1040.0,0,440.0,1,ok
1040.0,0,460.0,1,ok
1040.0,0,480.0,1,ok
1040.0,0,500.0,1,ok
1040.0,0,520.0,1,ok
1040.0,0,540.0,1,ok
1040.0,0,560.0,1,ok
1040.0,0,580.0,1,ok
1040.0,0,600.0,0,approach
1040.0,0,620.0,0,ik
1040.0,0,640.0,0,ik
1040.0,0,660.0,0,ik
1040.0,0,680.0,0,ik
1040.0,0,700.0,0,ik
1040.0,0,720.0,0,ik
1040.0,0,740.0,0,ik
1040.0,0,760.0,0,ik
1040.0,0,780.0,0,ik
1040.0,0,800.0,0,ik
1040.0,0,820.0,0,ik
1040.0,0,840.0,0,ik
1040.0,0,860.0,0,ik
1040.0,0,880.0,0,ik
1040.0,0,900.0,0,ik
1040.0,0,920.0,0,ik
1040.0,0,940.0,0,ik
1040.0,0,960.0,0,ik
1040.0,0,980.0,0,ik
1040.0,0,1000.0,0,ik
1040.0,1,-1000.0,0,ik
1040.0,1,-980.0,0,ik
1040.0,1,-960.0,0,ik
1040.0,1,-940.0,0,ik
1040.0,1,-920.0,0,ik
1040.0,1,-900.0,0,ik
1040.0,1,-880.0,0,ik
1040.0,1,-860.0,0,ik
1040.0,1,-840.0,0,ik
1040.0,1,-820.0,0,ik
1040.0,1,-800.0,0,ik
1040.0,1,-780.0,0,ik
1040.0,1,-760.0,0,ik
1040.0,1,-740.0,0,ik
1040.0,1,-720.0,0,ik
1040.0,1,-700.0,0,ik
1040.0,1,-680.0,0,ik
1040.0,1,-660.0,0,ik
1040.0,1,-640.0,0,ik
1040.0,1,-620.0,0,ik
1040.0,1,-600.0,0,ik
1040.0,1,-580.0,0,approach
1040.0,1,-560.0,0,approach
1040.0,1,-540.0,1,ok
1040.0,1,-520.0,1,ok
1040.0,1,-500.0,1,ok
1040.0,1,-480.0,1,ok
1040.0,1,-460.0,1,ok
1040.0,1,-440.0,1,ok
1040.0,1,-420.0,1,ok
1040.0,1,-400.0,1,ok
1040.0,1,-380.0,1,ok
1040.0,1,-360.0,1,ok
1040.0,1,-340.0,1,ok
1040.0,1,-320.0,1,ok
1040.0,1,-300.0,1,ok
1040.0,1,-280.0,1,ok
1040.0,1,-260.0,1,ok
1040.0,1,-240.0,1,ok
1040.0,1,-220.0,1,ok
1040.0,1,-200.0,1,ok
1040.0,1,-180.0,1,ok
1040.0,1,-160.0,1,ok
1040.0,1,-140.0,1,ok
1040.0,1,-120.0,1,ok
1040.0,1,-100.0,1,ok
1040.0,1,-80.0,1,ok
1040.0,1,-60.0,1,ok
1040.0,1,-40.0,1,ok
1040.0,1,-20.0,1,ok
1040.0,1,0.0,1,ok
1040.0,1,20.0,1,ok
1040.0,1,40.0,1,ok
1040.0,1,60.0,1,ok
1040.0,1,80.0,1,ok
1040.0,1,100.0,1,ok
1040.0,1,120.0,1,ok
1040.0,1,140.0,1,ok
1040.0,1,160.0,1,ok
1040.0,1,180.0,1,ok
1040.0,1,200.0,1,ok
1040.0,1,220.0,1,ok
1040.0,1,240.0,1,ok
1040.0,1,260.0,1,ok
1040.0,1,280.0,1,ok
1040.0,1,300.0,1,ok
1040.0,1,320.0,1,ok
1040.0,1,340.0,1,ok
1040.0,1,360.0,1,ok
1040.0,1,380.0,1,ok
1040.0,1,400.0,1,ok
1040.0,1,420.0,1,ok
1040.0,1,440.0,1,ok
1040.0,1,460.0,1,ok
1040.0,1,480.0,1,ok
1040.0,1,500.0,1,ok
1040.0,1,520.0,1,ok
1040.0,1,540.0,1,ok
1040.0,1,560.0,0,approach
1040.0,1,580.0,0,approach
1040.0,1,600.0,0,ik
1040.0,1,620.0,0,ik
1040.0,1,640.0,0,ik
1040.0,1,660.0,0,ik
1040.0,1,680.0,0,ik
1040.0,1,700.0,0,ik
1040.0,1,720.0,0,ik
1040.0,1,740.0,0,ik
1040.0,1,760.0,0,ik
1040.0,1,780.0,0,ik
1040.0,1,800.0,0,ik
1040.0,1,820.0,0,ik
1040.0,1,840.0,0,ik
1040.0,1,860.0,0,ik
1040.0,1,880.0,0,ik
1040.0,1,900.0,0,ik
1040.0,1,920.0,0,ik
1040.0,1,940.0,0,ik
1040.0,1,960.0,0,ik
1040.0,1,980.0,0,ik
1040.0,1,1000.0,0,ik
1040.0,2,-1000.0,0,ik
1040.0,2,-980.0,0,ik
1040.0,2,-960.0,0,ik
1040.0,2,-940.0,0,ik
1040.0,2,-920.0,0,ik
1040.0,2,-900.0,0,ik
1040.0,2,-880.0,0,ik
1040.0,2,-860.0,0,ik
1040.0,2,-840.0,0,ik
1040.0,2,-820.0,0,ik
1040.0,2,-800.0,0,ik
1040.0,2,-780.0,0,ik
1040.0,2,-760.0,0,ik
1040.0,2,-740.0,0,ik
1040.0,2,-720.0,0,ik
1040.0,2,-700.0,0,ik
1040.0,2,-680.0,0,ik
1040.0,2,-660.0,0,ik
1040.0,2,-640.0,0,ik
1040.0,2,-620.0,0,ik
1040.0,2,-600.0,0,ik
1040.0,2,-580.0,0,ik
1040.0,2,-560.0,0,ik
1040.0,2,-540.0,0,approach
1040.0,2,-520.0,0,approach
1040.0,2,-500.0,0,approach
1040.0,2,-480.0,0,approach
1040.0,2,-460.0,0,approach
1040.0,2,-440.0,1,ok
1040.0,2,-420.0,1,ok
1040.0,2,-400.0,1,ok
1040.0,2,-380.0,1,ok
1040.0,2,-360.0,1,ok
1040.0,2,-340.0,1,ok
1040.0,2,-320.0,1,ok
1040.0,2,-300.0,1,ok
1040.0,2,-280.0,1,ok
1040.0,2,-260.0,1,ok
1040.0,2,-240.0,1,ok
1040.0,2,-220.0,1,ok
1040.0,2,-200.0,1,ok
1040.0,2,-180.0,1,ok
1040.0,2,-160.0,1,ok
1040.0,2,-140.0,1,ok
1040.0,2,-120.0,1,ok
1040.0,2,-100.0,1,ok
1040.0,2,-80.0,1,ok
1040.0,2,-60.0,1,ok
1040.0,2,-40.0,1,ok
1040.0,2,-20.0,1,ok
1040.0,2,0.0,1,ok
1040.0,2,20.0,1,ok
1040.0,2,40.0,1,ok
1040.0,2,60.0,1,ok
1040.0,2,80.0,1,ok
1040.0,2,100.0,1,ok
1040.0,2,120.0,1,ok
1040.0,2,140.0,1,ok
1040.0,2,160.0,1,ok
1040.0,2,180.0,1,ok
1040.0,2,200.0,1,ok
1040.0,2,220.0,1,ok
1040.0,2,240.0,1,ok
1040.0,2,260.0,1,ok
1040.0,2,280.0,1,ok
1040.0,2,300.0,1,ok
1040.0,2,320.0,1,ok
1040.0,2,340.0,1,ok
1040.0,2,360.0,1,ok
1040.0,2,380.0,1,ok
1040.0,2,400.0,1,ok
1040.0,2,420.0,1,ok
1040.0,2,440.0,1,ok
1040.0,2,460.0,0,approach
1040.0,2,480.0,0,approach
1040.0,2,500.0,0,approach
1040.0,2,520.0,0,approach
1040.0,2,540.0,0,approach
1040.0,2,560.0,0,ik
1040.0,2,580.0,0,ik
1040.0,2,600.0,0,ik
1040.0,2,620.0,0,ik
1040.0,2,640.0,0,ik
1040.0,2,660.0,0,ik
1040.0,2,680.0,0,ik
1040.0,2,700.0,0,ik
1040.0,2,720.0,0,ik
1040.0,2,740.0,0,ik
1040.0,2,760.0,0,ik
1040.0,2,780.0,0,ik
1040.0,2,800.0,0,ik
1040.0,2,820.0,0,ik
1040.0,2,840.0,0,ik
1040.0,2,860.0,0,ik
1040.0,2,880.0,0,ik
1040.0,2,900.0,0,ik
1040.0,2,920.0,0,ik
1040.0,2,940.0,0,ik
1040.0,2,960.0,0,ik
1040.0,2,980.0,0,ik
1040.0,2,1000.0,0,ik
1090.0,0,-1000.0,0,ik
1090.0,0,-980.0,0,ik
1090.0,0,-960.0,0,ik
1090.0,0,-940.0,0,ik
1090.0,0,-920.0,0,ik
1090.0,0,-900.0,0,ik
1090.0,0,-880.0,0,ik
1090.0,0,-860.0,0,ik
1090.0,0,-840.0,0,ik
1090.0,0,-820.0,0,ik
1090.0,0,-800.0,0,ik
1090.0,0,-780.0,0,ik
1090.0,0,-760.0,0,ik
1090.0,0,-740.0,0,ik
1090.0,0,-720.0,0,ik
1090.0,0,-700.0,0,ik
1090.0,0,-680.0,0,ik
1090.0,0,-660.0,0,ik
1090.0,0,-640.0,0,ik
1090.0,0,-620.0,0,ik
1090.0,0,-600.0,0,ik
1090.0,0,-580.0,0,ik
1090.0,0,-560.0,0,ik
1090.0,0,-540.0,0,approach
1090.0,0,-520.0,1,ok
1090.0,0,-500.0,1,ok
1090.0,0,-480.0,1,ok
1090.0,0,-460.0,1,ok
1090.0,0,-440.0,1,ok
1090.0,0,-420.0,1,ok
1090.0,0,-400.0,1,ok
1090.0,0,-380.0,1,ok
1090.0,0,-360.0,1,ok
1090.0,0,-340.0,1,ok
1090.0,0,-320.0,1,ok
1090.0,0,-300.0,1,ok
1090.0,0,-280.0,1,ok
1090.0,0,-260.0,1,ok
1090.0,0,-240.0,1,ok
1090.0,0,-220.0,1,ok
1090.0,0,-200.0,1,ok
1090.0,0,-180.0,1,ok
1090.0,0,-160.0,1,ok
1090.0,0,-140.0,1,ok
1090.0,0,-120.0,1,ok
1090.0,0,-100.0,1,ok
1090.0,0,-80.0,1,ok
1090.0,0,-60.0,1,ok
1090.0,0,-40.0,1,ok
1090.0,0,-20.0,1,ok
1090.0,0,0.0,1,ok
1090.0,0,20.0,1,ok
1090.0,0,40.0,1,ok
1090.0,0,60.0,1,ok
1090.0,0,80.0,1,ok
1090.0,0,100.0,1,ok
1090.0,0,120.0,1,ok
1090.0,0,140.0,1,ok
1090.0,0,160.0,1,ok
1090.0,0,180.0,1,ok
1090.0,0,200.0,1,ok
1090.0,0,220.0,1,ok
1090.0,0,240.0,1,ok
1090.0,0,260.0,1,ok
1090.0,0,280.0,1,ok
1090.0,0,300.0,1,ok
1090.0,0,320.0,1,ok
1090.0,0,340.0,1,ok
1090.0,0,360.0,1,ok
1090.0,0,380.0,1,ok
1090.0,0,400.0,1,ok
1090.0,0,420.0,1,ok
1090.0,0,440.0,1,ok
1090.0,0,460.0,1,ok
1090.0,0,480.0,1,ok
1090.0,0,500.0,1,ok
1090.0,0,520.0,1,ok
1090.0,0,540.0,0,approach
1090.0,0,560.0,0,ik
1090.0,0,580.0,0,ik
1090.0,0,600.0,0,ik
1090.0,0,620.0,0,ik
1090.0,0,640.0,0,ik
1090.0,0,660.0,0,ik
1090.0,0,680.0,0,ik
1090.0,0,700.0,0,ik
1090.0,0,720.0,0,ik
1090.0,0,740.0,0,ik
1090.0,0,760.0,0,ik
1090.0,0,780.0,0,ik
1090.0,0,800.0,0,ik
1090.0,0,820.0,0,ik
1090.0,0,840.0,0,ik
1090.0,0,860.0,0,ik
1090.0,0,880.0,0,ik
1090.0,0,900.0,0,ik
1090.0,0,920.0,0,ik
1090.0,0,940.0,0,ik
1090.0,0,960.0,0,ik
1090.0,0,980.0,0,ik
1090.0,0,1000.0,0,ik
1090.0,1,-1000.0,0,ik
1090.0,1,-980.0,0,ik
1090.0,1,-960.0,0,ik
1090.0,1,-940.0,0,ik
1090.0,1,-920.0,0,ik
1090.0,1,-900.0,0,ik
1090.0,1,-880.0,0,ik
1090.0,1,-860.0,0,ik
1090.0,1,-840.0,0,ik
1090.0,1,-820.0,0,ik
1090.0,1,-800.0,0,ik
1090.0,1,-780.0,0,ik
1090.0,1,-760.0,0,ik
1090.0,1,-740.0,0,ik
1090.0,1,-720.0,0,ik
1090.0,1,-700.0,0,ik
1090.0,1,-680.0,0,ik
1090.0,1,-660.0,0,ik
1090.0,1,-640.0,0,ik
1090.0,1,-620.0,0,ik
1090.0,1,-600.0,0,ik
1090.0,1,-580.0,0,ik
1090.0,1,-560.0,0,ik
1090.0,1,-540.0,0,ik
1090.0,1,-520.0,0,approach
1090.0,1,-500.0,0,approach
1090.0,1,-480.0,0,approach
1090.0,1,-460.0,1,ok
1090.0,1,-440.0,1,ok
1090.0,1,-420.0,1,ok
1090.0,1,-400.0,1,ok
1090.0,1,-380.0,1,ok
1090.0,1,-360.0,1,ok
1090.0,1,-340.0,1,ok
1090.0,1,-320.0,1,ok
1090.0,1,-300.0,1,ok
1090.0,1,-280.0,1,ok
1090.0,1,-260.0,1,ok
1090.0,1,-240.0,1,ok
1090.0,1,-220.0,1,ok
1090.0,1,-200.0,1,ok
1090.0,1,-180.0,1,ok
1090.0,1,-160.0,1,ok
1090.0,1,-140.0,1,ok
1090.0,1,-120.0,1,ok
1090.0,1,-100.0,1,ok
1090.0,1,-80.0,1,ok
1090.0,1,-60.0,1,ok
1090.0,1,-40.0,1,ok
1090.0,1,-20.0,1,ok
1090.0,1,0.0,1,ok
1090.0,1,20.0,1,ok
1090.0,1,40.0,1,ok
1090.0,1,60.0,1,ok
1090.0,1,80.0,1,ok
1090.0,1,100.0,1,ok
1090.0,1,120.0,1,ok
1090.0,1,140.0,1,ok
1090.0,1,160.0,1,ok
1090.0,1,180.0,1,ok
1090.0,1,200.0,1,ok
1090.0,1,220.0,1,ok
1090.0,1,240.0,1,ok
1090.0,1,260.0,1,ok
1090.0,1,280.0,1,ok
1090.0,1,300.0,1,ok
1090.0,1,320.0,1,ok
1090.0,1,340.0,1,ok
1090.0,1,360.0,1,ok
1090.0,1,380.0,1,ok
1090.0,1,400.0,1,ok
1090.0,1,420.0,1,ok
1090.0,1,440.0,1,ok
1090.0,1,460.0,1,ok
1090.0,1,480.0,0,approach
1090.0,1,500.0,0,approach
1090.0,1,520.0,0,approach
1090.0,1,540.0,0,ik
1090.0,1,560.0,0,ik
1090.0,1,580.0,0,ik
1090.0,1,600.0,0,ik
1090.0,1,620.0,0,ik
1090.0,1,640.0,0,ik
1090.0,1,660.0,0,ik
1090.0,1,680.0,0,ik
1090.0,1,700.0,0,ik
1090.0,1,720.0,0,ik
1090.0,1,740.0,0,ik
1090.0,1,760.0,0,ik
1090.0,1,780.0,0,ik
1090.0,1,800.0,0,ik
1090.0,1,820.0,0,ik
1090.0,1,840.0,0,ik
1090.0,1,860.0,0,ik
1090.0,1,880.0,0,ik
1090.0,1,900.0,0,ik
1090.0,1,920.0,0,ik
1090.0,1,940.0,0,ik
1090.0,1,960.0,0,ik
1090.0,1,980.0,0,ik
1090.0,1,1000.0,0,ik
1090.0,2,-1000.0,0,ik
1090.0,2,-980.0,0,ik
1090.0,2,-960.0,0,ik
1090.0,2,-940.0,0,ik
1090.0,2,-920.0,0,ik
1090.0,2,-900.0,0,ik
1090.0,2,-880.0,0,ik
1090.0,2,-860.0,0,ik
1090.0,2,-840.0,0,ik
1090.0,2,-820.0,0,ik
1090.0,2,-800.0,0,ik
1090.0,2,-780.0,0,ik
1090.0,2,-760.0,0,ik
1090.0,2,-740.0,0,ik
1090.0,2,-720.0,0,ik
1090.0,2,-700.0,0,ik
1090.0,2,-680.0,0,ik
1090.0,2,-660.0,0,ik
1090.0,2,-640.0,0,ik
1090.0,2,-620.0,0,ik
1090.0,2,-600.0,0,ik
1090.0,2,-580.0,0,ik
1090.0,2,-560.0,0,ik
1090.0,2,-540.0,0,ik
1090.0,2,-520.0,0,ik
1090.0,2,-500.0,0,ik
1090.0,2,-480.0,0,approach
1090.0,2,-460.0,0,approach
1090.0,2,-440.0,0,approach
1090.0,2,-420.0,0,approach
1090.0,2,-400.0,0,approach
1090.0,2,-380.0,0,approach
1090.0,2,-360.0,1,ok
1090.0,2,-340.0,1,ok
1090.0,2,-320.0,1,ok
1090.0,2,-300.0,1,ok
1090.0,2,-280.0,1,ok
1090.0,2,-260.0,1,ok
1090.0,2,-240.0,1,ok
1090.0,2,-220.0,1,ok
1090.0,2,-200.0,1,ok
1090.0,2,-180.0,1,ok
1090.0,2,-160.0,1,ok
1090.0,2,-140.0,1,ok
1090.0,2,-120.0,1,ok
1090.0,2,-100.0,1,ok
1090.0,2,-80.0,1,ok
1090.0,2,-60.0,1,ok
1090.0,2,-40.0,1,ok
1090.0,2,-20.0,1,ok
1090.0,2,0.0,1,ok
1090.0,2,20.0,1,ok
1090.0,2,40.0,1,ok
1090.0,2,60.0,1,ok
1090.0,2,80.0,1,ok
1090.0,2,100.0,1,ok
1090.0,2,120.0,1,ok
1090.0,2,140.0,1,ok
1090.0,2,160.0,1,ok
1090.0,2,180.0,1,ok
1090.0,2,200.0,1,ok
1090.0,2,220.0,1,ok
1090.0,2,240.0,1,ok
1090.0,2,260.0,1,ok
1090.0,2,280.0,1,ok
1090.0,2,300.0,1,ok
1090.0,2,320.0,1,ok
1090.0,2,340.0,1,ok
1090.0,2,360.0,1,ok
1090.0,2,380.0,0,approach
1090.0,2,400.0,0,approach
1090.0,2,420.0,0,approach
1090.0,2,440.0,0,approach
1090.0,2,460.0,0,approach
1090.0,2,480.0,0,approach
1090.0,2,500.0,0,ik
1090.0,2,520.0,0,ik
1090.0,2,540.0,0,ik
1090.0,2,560.0,0,ik
1090.0,2,580.0,0,ik
1090.0,2,600.0,0,ik
1090.0,2,620.0,0,ik
1090.0,2,640.0,0,ik
1090.0,2,660.0,0,ik
1090.0,2,680.0,0,ik
1090.0,2,700.0,0,ik
1090.0,2,720.0,0,ik
1090.0,2,740.0,0,ik
1090.0,2,760.0,0,ik
1090.0,2,780.0,0,ik
1090.0,2,800.0,0,ik
1090.0,2,820.0,0,ik
1090.0,2,840.0,0,ik
1090.0,2,860.0,0,ik
1090.0,2,880.0,0,ik
1090.0,2,900.0,0,ik
1090.0,2,920.0,0,ik
1090.0,2,940.0,0,ik
1090.0,2,960.0,0,ik
1090.0,2,980.0,0,ik
1090.0,2,1000.0,0,ik
1140.0,0,-1000.0,0,ik
1140.0,0,-980.0,0,ik
1140.0,0,-960.0,0,ik
1140.0,0,-940.0,0,ik
1140.0,0,-920.0,0,ik
1140.0,0,-900.0,0,ik
1140.0,0,-880.0,0,ik
1140.0,0,-860.0,0,ik
1140.0,0,-840.0,0,ik
1140.0,0,-820.0,0,ik
1140.0,0,-800.0,0,ik
1140.0,0,-780.0,0,ik
1140.0,0,-760.0,0,ik
1140.0,0,-740.0,0,ik
1140.0,0,-720.0,0,ik
1140.0,0,-700.0,0,ik
1140.0,0,-680.0,0,ik
1140.0,0,-660.0,0,ik
1140.0,0,-640.0,0,ik
1140.0,0,-620.0,0,ik
1140.0,0,-600.0,0,ik
1140.0,0,-580.0,0,ik
1140.0,0,-560.0,0,ik
1140.0,0,-540.0,0,ik
1140.0,0,-520.0,0,ik
1140.0,0,-500.0,0,ik
1140.0,0,-480.0,0,ik
1140.0,0,-460.0,0,approach
1140.0,0,-440.0,1,ok
1140.0,0,-420.0,1,ok
1140.0,0,-400.0,1,ok
1140.0,0,-380.0,1,ok
1140.0,0,-360.0,1,ok
1140.0,0,-340.0,1,ok
1140.0,0,-320.0,1,ok
1140.0,0,-300.0,1,ok
1140.0,0,-280.0,1,ok
1140.0,0,-260.0,1,ok
1140.0,0,-240.0,1,ok
1140.0,0,-220.0,1,ok
1140.0,0,-200.0,1,ok
1140.0,0,-180.0,1,ok
1140.0,0,-160.0,1,ok
1140.0,0,-140.0,1,ok
1140.0,0,-120.0,1,ok
1140.0,0,-100.0,1,ok
1140.0,0,-80.0,1,ok
1140.0,0,-60.0,1,ok
1140.0,0,-40.0,1,ok
1140.0,0,-20.0,1,ok
1140.0,0,0.0,1,ok
1140.0,0,20.0,1,ok
1140.0,0,40.0,1,ok
1140.0,0,60.0,1,ok
1140.0,0,80.0,1,ok
1140.0,0,100.0,1,ok
1140.0,0,120.0,1,ok
1140.0,0,140.0,1,ok
1140.0,0,160.0,1,ok
1140.0,0,180.0,1,ok
1140.0,0,200.0,1,ok
1140.0,0,220.0,1,ok
1140.0,0,240.0,1,ok
1140.0,0,260.0,1,ok
1140.0,0,280.0,1,ok
1140.0,0,300.0,1,ok
1140.0,0,320.0,1,ok
1140.0,0,340.0,1,ok
1140.0,0,360.0,1,ok
1140.0,0,380.0,1,ok
1140.0,0,400.0,1,ok
1140.0,0,420.0,1,ok
1140.0,0,440.0,1,ok
1140.0,0,460.0,0,approach
1140.0,0,480.0,0,ik
1140.0,0,500.0,0,ik
1140.0,0,520.0,0,ik
1140.0,0,540.0,0,ik
1140.0,0,560.0,0,ik
1140.0,0,580.0,0,ik
1140.0,0,600.0,0,ik
1140.0,0,620.0,0,ik
1140.0,0,640.0,0,ik
1140.0,0,660.0,0,ik
1140.0,0,680.0,0,ik
1140.0,0,700.0,0,ik
1140.0,0,720.0,0,ik
1140.0,0,740.0,0,ik
1140.0,0,760.0,0,ik
1140.0,0,780.0,0,ik
1140.0,0,800.0,0,ik
1140.0,0,820.0,0,ik
1140.0,0,840.0,0,ik
1140.0,0,860.0,0,ik
1140.0,0,880.0,0,ik
1140.0,0,900.0,0,ik
1140.0,0,920.0,0,ik
1140.0,0,940.0,0,ik
1140.0,0,960.0,0,ik
1140.0,0,980.0,0,ik
1140.0,0,1000.0,0,ik
1140.0,1,-1000.0,0,ik
1140.0,1,-980.0,0,ik
1140.0,1,-960.0,0,ik
1140.0,1,-940.0,0,ik
1140.0,1,-920.0,0,ik
1140.0,1,-900.0,0,ik
1140.0,1,-880.0,0,ik
1140.0,1,-860.0,0,ik
1140.0,1,-840.0,0,ik
1140.0,1,-820.0,0,ik
1140.0,1,-800.0,0,ik
1140.0,1,-780.0,0,ik
1140.0,1,-760.0,0,ik
1140.0,1,-740.0,0,ik
1140.0,1,-720.0,0,ik
1140.0,1,-700.0,0,ik
1140.0,1,-680.0,0,ik
1140.0,1,-660.0,0,ik
1140.0,1,-640.0,0,ik
1140.0,1,-620.0,0,ik
1140.0,1,-600.0,0,ik
1140.0,1,-580.0,0,ik
1140.0,1,-560.0,0,ik
1140.0,1,-540.0,0,ik
1140.0,1,-520.0,0,ik
1140.0,1,-500.0,0,ik
1140.0,1,-480.0,0,ik
1140.0,1,-460.0,0,ik
1140.0,1,-440.0,0,approach
1140.0,1,-420.0,0,approach
1140.0,1,-400.0,0,approach
1140.0,1,-380.0,1,ok
1140.0,1,-360.0,1,ok
1140.0,1,-340.0,1,ok
1140.0,1,-320.0,1,ok
1140.0,1,-300.0,1,ok
1140.0,1,-280.0,1,ok
1140.0,1,-260.0,1,ok
1140.0,1,-240.0,1,ok
1140.0,1,-220.0,1,ok
1140.0,1,-200.0,1,ok
1140.0,1,-180.0,1,ok
1140.0,1,-160.0,1,ok
1140.0,1,-140.0,1,ok
1140.0,1,-120.0,1,ok
1140.0,1,-100.0,1,ok
1140.0,1,-80.0,1,ok
1140.0,1,-60.0,1,ok
1140.0,1,-40.0,1,ok
1140.0,1,-20.0,1,ok
1140.0,1,0.0,1,ok
1140.0,1,20.0,1,ok
1140.0,1,40.0,1,ok
1140.0,1,60.0,1,ok
1140.0,1,80.0,1,ok
1140.0,1,100.0,1,ok
1140.0,1,120.0,1,ok
1140.0,1,140.0,1,ok
1140.0,1,160.0,1,ok
1140.0,1,180.0,1,ok
1140.0,1,200.0,1,ok
1140.0,1,220.0,1,ok
1140.0,1,240.0,1,ok
1140.0,1,260.0,1,ok
1140.0,1,280.0,1,ok
1140.0,1,300.0,1,ok
1140.0,1,320.0,1,ok
1140.0,1,340.0,1,ok
1140.0,1,360.0,1,ok
1140.0,1,380.0,1,ok
1140.0,1,400.0,0,approach
1140.0,1,420.0,0,approach
1140.0,1,440.0,0,approach
1140.0,1,460.0,0,ik
1140.0,1,480.0,0,ik
1140.0,1,500.0,0,ik
1140.0,1,520.0,0,ik
1140.0,1,540.0,0,ik
1140.0,1,560.0,0,ik
1140.0,1,580.0,0,ik
1140.0,1,600.0,0,ik
1140.0,1,620.0,0,ik
1140.0,1,640.0,0,ik
1140.0,1,660.0,0,ik
1140.0,1,680.0,0,ik
1140.0,1,700.0,0,ik
1140.0,1,720.0,0,ik
1140.0,1,740.0,0,ik
1140.0,1,760.0,0,ik
1140.0,1,780.0,0,ik
1140.0,1,800.0,0,ik
1140.0,1,820.0,0,ik
1140.0,1,840.0,0,ik
1140.0,1,860.0,0,ik
1140.0,1,880.0,0,ik
1140.0,1,900.0,0,ik
1140.0,1,920.0,0,ik
1140.0,1,940.0,0,ik
1140.0,1,960.0,0,ik
1140.0,1,980.0,0,ik
1140.0,1,1000.0,0,ik
1140.0,2,-1000.0,0,ik
1140.0,2,-980.0,0,ik
1140.0,2,-960.0,0,ik
1140.0,2,-940.0,0,ik
1140.0,2,-920.0,0,ik
1140.0,2,-900.0,0,ik
1140.0,2,-880.0,0,ik
1140.0,2,-860.0,0,ik
1140.0,2,-840.0,0,ik
1140.0,2,-820.0,0,ik
1140.0,2,-800.0,0,ik
1140.0,2,-780.0,0,ik
1140.0,2,-760.0,0,ik
1140.0,2,-740.0,0,ik
1140.0,2,-720.0,0,ik
1140.0,2,-700.0,0,ik
1140.0,2,-680.0,0,ik
1140.0,2,-660.0,0,ik
1140.0,2,-640.0,0,ik
1140.0,2,-620.0,0,ik
1140.0,2,-600.0,0,ik
1140.0,2,-580.0,0,ik
1140.0,2,-560.0,0,ik
1140.0,2,-540.0,0,ik
1140.0,2,-520.0,0,ik
1140.0,2,-500.0,0,ik
1140.0,2,-480.0,0,ik
1140.0,2,-460.0,0,ik
1140.0,2,-440.0,0,ik
1140.0,2,-420.0,0,ik
1140.0,2,-400.0,0,approach
1140.0,2,-380.0,0,approach
1140.0,2,-360.0,0,approach
1140.0,2,-340.0,0,approach
1140.0,2,-320.0,0,approach
1140.0,2,-300.0,0,approach
1140.0,2,-280.0,0,approach
1140.0,2,-260.0,0,approach
1140.0,2,-240.0,1,ok
1140.0,2,-220.0,1,ok
1140.0,2,-200.0,1,ok
1140.0,2,-180.0,1,ok
1140.0,2,-160.0,1,ok
1140.0,2,-140.0,1,ok
1140.0,2,-120.0,1,ok
1140.0,2,-100.0,1,ok
1140.0,2,-80.0,1,ok
1140.0,2,-60.0,1,ok
1140.0,2,-40.0,1,ok
1140.0,2,-20.0,1,ok
1140.0,2,0.0,1,ok
1140.0,2,20.0,1,ok
1140.0,2,40.0,1,ok
1140.0,2,60.0,1,ok
1140.0,2,80.0,1,ok
1140.0,2,100.0,1,ok
1140.0,2,120.0,1,ok
1140.0,2,140.0,1,ok
1140.0,2,160.0,1,ok
1140.0,2,180.0,1,ok
1140.0,2,200.0,1,ok
1140.0,2,220.0,1,ok
1140.0,2,240.0,1,ok
1140.0,2,260.0,0,approach
1140.0,2,280.0,0,approach
1140.0,2,300.0,0,approach
1140.0,2,320.0,0,approach
1140.0,2,340.0,0,approach
1140.0,2,360.0,0,approach
1140.0,2,380.0,0,approach
1140.0,2,400.0,0,approach
1140.0,2,420.0,0,ik
1140.0,2,440.0,0,ik
1140.0,2,460.0,0,ik
1140.0,2,480.0,0,ik
1140.0,2,500.0,0,ik
1140.0,2,520.0,0,ik
1140.0,2,540.0,0,ik
1140.0,2,560.0,0,ik
1140.0,2,580.0,0,ik
1140.0,2,600.0,0,ik
1140.0,2,620.0,0,ik
1140.0,2,640.0,0,ik
1140.0,2,660.0,0,ik
1140.0,2,680.0,0,ik
1140.0,2,700.0,0,ik
1140.0,2,720.0,0,ik
1140.0,2,740.0,0,ik
1140.0,2,760.0,0,ik
1140.0,2,780.0,0,ik
1140.0,2,800.0,0,ik
1140.0,2,820.0,0,ik
1140.0,2,840.0,0,ik
1140.0,2,860.0,0,ik
1140.0,2,880.0,0,ik
1140.0,2,900.0,0,ik
1140.0,2,920.0,0,ik
1140.0,2,940.0,0,ik
1140.0,2,960.0,0,ik
1140.0,2,980.0,0,ik
1140.0,2,1000.0,0,ik
